-- MySQL Script generated by MySQL Workbench
-- Mon Apr  6 12:29:38 2020
-- Model: New Model    Version: 1.0
-- MySQL Workbench Forward Engineering

SET @OLD_UNIQUE_CHECKS=@@UNIQUE_CHECKS, UNIQUE_CHECKS=0;
SET @OLD_FOREIGN_KEY_CHECKS=@@FOREIGN_KEY_CHECKS, FOREIGN_KEY_CHECKS=0;
SET @OLD_SQL_MODE=@@SQL_MODE, SQL_MODE='ONLY_FULL_GROUP_BY,STRICT_TRANS_TABLES,NO_ZERO_IN_DATE,NO_ZERO_DATE,ERROR_FOR_DIVISION_BY_ZERO,NO_ENGINE_SUBSTITUTION';


-- -----------------------------------------------------
-- Schema INH
-- -----------------------------------------------------
CREATE DATABASE IF NOT EXISTS `INH` DEFAULT CHARACTER SET utf8mb4 ;
USE `INH` ;

-- -----------------------------------------------------
-- Table `INH`.`Programmes`
-- -----------------------------------------------------
DROP TABLE IF EXISTS `Programmes`;
CREATE TABLE IF NOT EXISTS `INH`.`Programmes` (
  `idProgramme` INT NOT NULL,
  `Degree` VARCHAR(45) NOT NULL,
  `ProgrammeName` VARCHAR(45) NOT NULL,
  `Description` VARCHAR(200) NOT NULL,
  `Language` VARCHAR(45) NOT NULL,
  `Duration` INT NOT NULL,
  `ProgrammeLocation` VARCHAR(45) NOT NULL,
  `TuitionFee` INT NULL,
  PRIMARY KEY (`idProgramme`))
ENGINE = InnoDB;

set autocommit=0;
INSERT INTO `Programmes` VALUES (32483 , "Bachelor" , "Political Science" , "All things politics." , "English", 4 , "Amsterdam" , 2081);
INSERT INTO `Programmes` VALUES (123321 , "Bachelor" , "Physics" , "particle fast" , "Dutch", 4 , "Delft" , 2081);
INSERT INTO `Programmes` VALUES (321321 , "Bachelor" , "Biomedical Science" , "yes" , "English", 4 , "Rotterdam" , 2081);
commit;



-- -----------------------------------------------------
-- Table `INH`.`Students`
-- -----------------------------------------------------
DROP TABLE IF EXISTS `Students`;
CREATE TABLE IF NOT EXISTS `INH`.`Students` (
  `FirstName` VARCHAR(45) NOT NULL,
  `LastName` VARCHAR(45) NOT NULL,
  `StudentNumber` INT NOT NULL,
  `Programme` VARCHAR(45) NOT NULL,
  `Address` VARCHAR(45) NOT NULL,
  `DateOfBirth` DATE NOT NULL,
  `PostalCode` VARCHAR(45) NOT NULL,
  `City` VARCHAR(45) NOT NULL,
  `Email` VARCHAR(45) NULL,
  `Counselor` INT NULL,
  `StartYear` DATE NOT NULL,
  `Gender` ENUM('M', 'F') NOT NULL,
  `ProgrammeID` INT NOT NULL,
  PRIMARY KEY (`StudentNumber`),
  INDEX `idProgramme_idx` (`ProgrammeID` ASC) VISIBLE,
  CONSTRAINT `idProgramme`
    FOREIGN KEY (`ProgrammeID`)
    REFERENCES `INH`.`Programmes` (`idProgramme`))
ENGINE = InnoDB;


set autocommit=0;
INSERT INTO `Students` VALUES ("Max" , "Musterman" , 223432 , "Political Science" , "Musterstrasse 32" , "1998-08-09" , "1234AB" , "Musterstadt" , "max@mail.com" , NULL , "2018-08-09" , "M" , 32483);
INSERT INTO `Students` VALUES ("Maria" , "Navarro" , 223842 , "Political Science" , "This Street 12" , "1999-04-02" , "0238AJ" , "Rotterdam" , "maria32@mail.com" , NULL , "2018-08-09" , "F" , 32483);
INSERT INTO `Students` VALUES ("Mary" , "Oxford" , 422412 , "Political Science" , "Pi Street 12" , "1997-04-02" , "13132LA" , "Rotterdam" , "mary32@mail.com" , NULL , "2018-08-09" , "F" , 32483);
INSERT INTO `Students` VALUES ("Hans" , "Gutenberg" , 123123 , "Physics" , "Other Street 32" , "1998-08-09" , "2342JA" , "Delft" , "hans@mail.com" , NULL , "2018-08-09" , "M" , 123321);
INSERT INTO `Students` VALUES ("Emma" , "Goldman" , 321231 , "Physics" , "That Street 32" , "1998-08-09" , "10238JA" , "Delft" , "emma@mail.com" , NULL , "2018-08-09" , "F" , 123321);
INSERT INTO `Students` VALUES ("Joe" , "Exotic" , 123333 , "Political Science" , "Tiger Street 32" , "1998-08-09" , "87249AJ" , "Rotterdam" , "joex@mail.com" , NULL , "2018-08-09" , "M" , 32483);
INSERT INTO `Students` VALUES ("Julie" , "McJulieson" , 225532 , "Physics" , "O Street 32" , "1998-08-09" , "831HA" , "Delft" , "julie@mail.com" , NULL , "2018-08-09" , "F" , 123321);
INSERT INTO `Students` VALUES ("Alicia" , "Sierra" , 648242 , "Physics" , "L Street 32" , "1998-08-09" , "1231JS" , "Delft" , "alicia@mail.com" , NULL , "2018-08-09" , "F" , 123321);
INSERT INTO `Students` VALUES ("Phil" , "Smith" , 989898 , "Biomedical Science" , "Lama Street 32" , "1997-08-09" , "123LA" , "Rotterdam" , "phil@mail.com" , NULL , "2018-08-09" , "M" , 321321);
INSERT INTO `Students` VALUES ("Fatima" , "Johnson" , 090909 , "Biomedical Science" , "Wheat Street 32" , "1996-08-09" , "1231LA" , "Rotterdam" , "fatima@mail.com" , NULL , "2018-08-09" , "F" , 321321);
INSERT INTO `Students` VALUES ("Benjamin" , "O`Cork" , 101010 , "Biomedical Science" , "Banana Street 32" , "1997-08-09" , "32123LA" , "Rotterdam" , "ben@mail.com" , NULL , "2018-08-09" , "M" , 321321);
INSERT INTO `Students` VALUES ("John" , "McJohnface" , 000001 , "Biomedical Science" , "Apple Street 32" , "1997-08-09" , "1231LA" , "Rotterdam" , "john@mail.com" , NULL , "2018-08-09" , "M" , 321321);

commit;


-- -----------------------------------------------------
-- Table `INH`.`Employees`
-- -----------------------------------------------------
DROP TABLE IF EXISTS `Employees`;
CREATE TABLE IF NOT EXISTS `INH`.`Employees` (
  `idEmployees` INT NOT NULL,
  `FirstName` VARCHAR(45) NOT NULL,
  `LastName` VARCHAR(45) NOT NULL,
  `Title` VARCHAR(45) NOT NULL,
  `Department` VARCHAR(45) NOT NULL,
  `Salary` INT NULL,
  `FromDate` DATE NOT NULL,
  `ToDate` DATE NULL,
  `DateOfBirth` DATE NOT NULL,
  `Address` VARCHAR(45) NOT NULL,
  `PostalCode` VARCHAR(45) NOT NULL,
  `City` VARCHAR(45) NOT NULL,
  `Email` VARCHAR(45) NOT NULL,
  `Gender` ENUM('F', 'M') NOT NULL,
  `Counselor` INT NULL,
  PRIMARY KEY (`idEmployees`))
ENGINE = InnoDB;

set autocommit=0;
INSERT INTO `Employees` VALUES (3213213 , "Amy" , "Whinehouse" , "Dr." , "Social Sciences" , 55000 , "1998-08-09" , NULL , "1954-04-20" , "That Street 81" , "92183JS" , "Amsterdam" , "amy@uni.edu" , "F" , NULL);
INSERT INTO `Employees` VALUES (111111 , "Joe" , "Biden" , "Dr." , "Social Sciences" , 60000 , "1998-08-09" , NULL , "1954-04-20" , "This Street 81" , "234KA" , "Amsterdam" , "joe@uni.edu" , "M" , NULL);
INSERT INTO `Employees` VALUES (222222 , "Rick" , "Sanchez" , "Dr." , "Sciences" , 55000 , "1998-08-09" , NULL , "1974-04-20" , "Other Street 81" , "234JA" , "Delft" , "ricky@uni.edu" , "M" , NULL);
INSERT INTO `Employees` VALUES (123211 , "Janis" , "Joplin" , "Dr." , "Sciences" , 60000 , "1998-08-09" , "2000-09-09" , "1930-04-20" , "A Street 81" , "1231KA" , "Delft" , "janis@uni.edu" , "F" , NULL);
INSERT INTO `Employees` VALUES (999999 , "Andrew" , "Lacasa" , "Dr." , "Sciences" , 65000 , "1998-08-09" , NULL , "1930-04-20" , "B Street 81" , "12321LA" , "Rotterdam" , "adnrew@uni.edu" , "M" , NULL);
commit;

-- -----------------------------------------------------
-- Table `INH`.`Courses`
-- -----------------------------------------------------
DROP TABLE IF EXISTS `Courses`;
CREATE TABLE IF NOT EXISTS `INH`.`Courses` (
  `CourseName` VARCHAR(45) NOT NULL,
  `Programme` INT NOT NULL,
  `Description` VARCHAR(200),
  `idEmployees` INT NOT NULL,
  `ECTS` INT NOT NULL,
  PRIMARY KEY (`CourseName`),
  INDEX `idEmployees_idx` (`idEmployees` ASC) VISIBLE,
  INDEX `idProgramme_idx` (`Programme` ASC) VISIBLE,
  CONSTRAINT `idEmployees`
    FOREIGN KEY (`idEmployees`)
    REFERENCES `INH`.`Employees` (`idEmployees`)
    ON DELETE CASCADE)
ENGINE = InnoDB;

set autocommit=0;
INSERT INTO `Courses` VALUES ("Sociology 1" , 32483 , "An informative desc" , 3213213 , 5);
INSERT INTO `Courses` VALUES ("Economics 1" , 32483 , "moneys" , 3213213 , 4);
INSERT INTO `Courses` VALUES ("History 2" , 32483 , "past" , 111111 , 5);
INSERT INTO `Courses` VALUES ("Mathematics 1" , 123321 , "+-=" , 222222 , 5);
INSERT INTO `Courses` VALUES ("Mechanics 1" , 123321 , "???" , 222222 , 5);
INSERT INTO `Courses` VALUES ("Thermodynamics 1" , 123321 , "intro" , 222222 , 5);
INSERT INTO `Courses` VALUES ("Anatomy 1" , 321321 , "body parts" , 999999 , 5);
INSERT INTO `Courses` VALUES ("Toxicology 1" , 321321 , "toxins" , 999999 , 5);
INSERT INTO `Courses` VALUES ("Biology 1" , 321321 , "bio" , 999999 , 5);

commit;




-- -----------------------------------------------------
-- Table `INH`.`Exams`
-- -----------------------------------------------------
DROP TABLE IF EXISTS `Exams`;
CREATE TABLE IF NOT EXISTS `INH`.`Exams` (
  `CourseName` VARCHAR(45) NOT NULL,
  `idExam` INT NOT NULL,
  `Room` VARCHAR(45) NOT NULL,
  `Resit` ENUM('Y', 'N') NULL,
  `Date` DATE NOT NULL,
  `Time` VARCHAR(45) NOT NULL,
  PRIMARY KEY (`idExam`),
  CONSTRAINT `CourseName`
    FOREIGN KEY (`CourseName`)
    REFERENCES `INH`.`Courses` (`CourseName`)
    ON DELETE CASCADE )
ENGINE = InnoDB;

set autocommit=0;
INSERT INTO `Exams` VALUES("Sociology 1" , 312194 , "A243" , "Y" , "2018-08-09" , "12:00" );
INSERT INTO `Exams` VALUES("Economics 1" , 312313 , "A244" , "Y" , "2018-08-10" , "12:00" );
INSERT INTO `Exams` VALUES("History 2" , 321231 , "A245" , "Y" , "2018-08-11" , "12:00" );
INSERT INTO `Exams` VALUES("Mathematics 1" , 434533 , "A246" , "Y" , "2018-08-12" , "12:00" );
INSERT INTO `Exams` VALUES("Mechanics 1" , 098909 , "A243" , "Y" , "2018-08-13" , "12:00" );
INSERT INTO `Exams` VALUES("Thermodynamics 1" , 098966 , "A243" , "Y" , "2018-08-14" , "12:00" );
INSERT INTO `Exams` VALUES("Anatomy 1" , 432342 , "A243" , "Y" , "2018-08-15" , "12:00" );
INSERT INTO `Exams` VALUES("Toxicology 1" , 983238 , "A243" , "Y" , "2018-08-16" , "12:00" );
INSERT INTO `Exams` VALUES("Biology 1" , 092313 , "A243" , "Y" , "2018-08-17" , "12:00" );

commit;


-- -----------------------------------------------------
-- Table `INH`.`Results`
-- -----------------------------------------------------
DROP TABLE IF EXISTS `Results`;
CREATE TABLE IF NOT EXISTS `INH`.`Results` (
  `Exam` VARCHAR(45) NOT NULL,
  `ExamID` INT NOT NULL,
  `StudentNumber` INT NOT NULL,
  `Grade` INT NOT NULL,
  `PASSED` ENUM('Y', 'N') NOT NULL,
  INDEX `StudentNummer_idx` (`StudentNumber` ASC) VISIBLE,
  CONSTRAINT `StudentNummer`
    FOREIGN KEY (`StudentNumber`)
    REFERENCES `INH`.`Students` (`StudentNumber`)
    ON DELETE CASCADE,
  CONSTRAINT `idExam`
    FOREIGN KEY (`ExamID`)
    REFERENCES `INH`.`Exams` (`idExam`)
    ON DELETE CASCADE )
ENGINE = InnoDB;

set autocommit=0;
INSERT INTO `Results` VALUES ("Socialogy 1" ,312194, 223432 , 60 ,"Y" );
INSERT INTO `Results` VALUES ("Mathematics 1" ,434533, 225532 , 70 ,"Y" );
INSERT INTO `Results` VALUES ("Mathematics 1" ,434533, 123123 , 90 ,"Y" );
INSERT INTO `Results` VALUES ("Mathematics 1" ,434533, 321231 , 65 ,"Y" );
INSERT INTO `Results` VALUES ("Biology 1" ,092313, 989898 , 65 ,"Y" );
INSERT INTO `Results` VALUES ("Biology 1" ,092313, 090909 , 65 ,"Y" );
INSERT INTO `Results` VALUES ("Biology 1" ,092313, 101010 , 65 ,"Y" );
INSERT INTO `Results` VALUES ("Biology 1" ,092313, 000001 , 65 ,"Y" );
INSERT INTO `Results` VALUES ("Economics 1" ,312313, 223432 , 65 ,"Y" );
INSERT INTO `Results` VALUES ("Economics 1" ,312313, 223842 , 65 ,"Y" );
INSERT INTO `Results` VALUES ("Economics 1" ,312313, 422412 , 65 ,"Y" );

commit;


SET SQL_MODE=@OLD_SQL_MODE;
SET FOREIGN_KEY_CHECKS=@OLD_FOREIGN_KEY_CHECKS;
SET UNIQUE_CHECKS=@OLD_UNIQUE_CHECKS;
