-- MySQL dump 10.13  Distrib 8.0.19, for Win64 (x86_64)
--
-- Host: localhost    Database: inh
-- ------------------------------------------------------
-- Server version	8.0.19

/*!40101 SET @OLD_CHARACTER_SET_CLIENT=@@CHARACTER_SET_CLIENT */;
/*!40101 SET @OLD_CHARACTER_SET_RESULTS=@@CHARACTER_SET_RESULTS */;
/*!40101 SET @OLD_COLLATION_CONNECTION=@@COLLATION_CONNECTION */;
/*!50503 SET NAMES utf8 */;
/*!40103 SET @OLD_TIME_ZONE=@@TIME_ZONE */;
/*!40103 SET TIME_ZONE='+00:00' */;
/*!40014 SET @OLD_UNIQUE_CHECKS=@@UNIQUE_CHECKS, UNIQUE_CHECKS=0 */;
/*!40014 SET @OLD_FOREIGN_KEY_CHECKS=@@FOREIGN_KEY_CHECKS, FOREIGN_KEY_CHECKS=0 */;
/*!40101 SET @OLD_SQL_MODE=@@SQL_MODE, SQL_MODE='NO_AUTO_VALUE_ON_ZERO' */;
/*!40111 SET @OLD_SQL_NOTES=@@SQL_NOTES, SQL_NOTES=0 */;

--
-- Table structure for table `courses`
--

DROP TABLE IF EXISTS `courses`;
/*!40101 SET @saved_cs_client     = @@character_set_client */;
/*!50503 SET character_set_client = utf8mb4 */;
CREATE TABLE `courses` (
  `idCourse` int NOT NULL,
  `Name` varchar(45) DEFAULT NULL,
  `idProgramme` int NOT NULL,
  `idEmployee` int NOT NULL,
  `ECTS` int NOT NULL,
  PRIMARY KEY (`idCourse`),
  KEY `idProgramme_idx` (`idProgramme`),
  KEY `idEmployee_idx` (`idEmployee`),
  CONSTRAINT `idEmployee` FOREIGN KEY (`idEmployee`) REFERENCES `employees` (`idEmployee`) ON DELETE CASCADE ON UPDATE CASCADE,
  CONSTRAINT `idProgramme` FOREIGN KEY (`idProgramme`) REFERENCES `programmes` (`idProgramme`) ON DELETE CASCADE ON UPDATE CASCADE
) ENGINE=InnoDB DEFAULT CHARSET=utf8mb4 COLLATE=utf8mb4_0900_ai_ci;
/*!40101 SET character_set_client = @saved_cs_client */;

--
-- Dumping data for table `courses`
--

LOCK TABLES `courses` WRITE;
/*!40000 ALTER TABLE `courses` DISABLE KEYS */;
INSERT INTO `courses` VALUES (1,'Calculus',101,10,10),(2,'Statistics',101,10,10),(3,'DBMS',101,15,10),(4,'Python',101,15,20),(5,'English',101,18,10),(6,'Financial management',102,19,20),(7,'Professional English',102,18,10),(8,'Intercultural communication',102,18,10),(9,'Product development',102,29,10),(10,'Tourism trends',102,37,10),(11,'Mechanics',103,41,10),(12,'Mathematics',103,10,10),(13,'Aerodynamics',103,37,10),(14,'Hydraulic',103,37,10),(15,'Aircraft structures',103,71,20),(16,'Fundamentals of entrepreneurship',104,18,10),(17,'Fundamentals of business strategy ',104,78,10),(18,'Microeconomics',104,19,20),(19,'Marketing and customer behaviors',104,19,10),(20,'Creative thinking and idea development',104,15,10),(21,'Production',105,92,10),(22,'Marketing',105,100,10),(23,'Creation',105,18,10),(24,'Personal development',105,15,10),(25,'Management and entrepreneurship',105,19,20),(26,'Application development',106,29,10),(27,'User interface',106,10,10),(28,'Infrastructure',106,41,10),(29,'Business',106,37,10),(30,'Databases',106,78,20),(31,'Building technology ',107,100,10),(32,'Structural analysis and design ',107,15,10),(33,'Material science and engineering',107,29,10),(34,'Coastal engineering',107,37,10),(35,'Surveying land',107,57,20),(36,'CAD drafting',108,92,10),(37,'Building mechanical systems',108,10,10),(38,'Building electrical systems',108,15,10),(39,'Building structural systems',108,29,20),(40,'Construction materials and methods',108,41,10),(41,'Comparative politics ',109,57,10),(42,'Political economy',109,71,10),(43,'International relations ',109,78,20),(44,'Political theroy ',109,92,10),(45,'Public administration ',109,100,10),(46,'Thermodynamics',110,15,10),(47,'Elements of mechanical engineering',110,19,20),(48,'Engineering  physics',110,29,10),(49,'Environmental chemistry',110,37,10),(50,'Applied engineering geology',110,41,10);
/*!40000 ALTER TABLE `courses` ENABLE KEYS */;
UNLOCK TABLES;

--
-- Table structure for table `employees`
--

DROP TABLE IF EXISTS `employees`;
/*!40101 SET @saved_cs_client     = @@character_set_client */;
/*!50503 SET character_set_client = utf8mb4 */;
CREATE TABLE `employees` (
  `idEmployee` int NOT NULL,
  `idPersonInfo` int NOT NULL,
  `idTitle` int NOT NULL,
  `Salary` int DEFAULT NULL,
  `FromDate` date NOT NULL,
  `ToDate` date DEFAULT NULL,
  PRIMARY KEY (`idEmployee`),
  KEY `idTitle_idx` (`idTitle`),
  KEY `idPersonInfo_idx` (`idPersonInfo`),
  CONSTRAINT `idPersonInfo` FOREIGN KEY (`idPersonInfo`) REFERENCES `personinfos` (`idPersonInfo`) ON DELETE RESTRICT ON UPDATE RESTRICT,
  CONSTRAINT `idTitle` FOREIGN KEY (`idTitle`) REFERENCES `titles` (`idTitle`)
) ENGINE=InnoDB DEFAULT CHARSET=utf8mb4 COLLATE=utf8mb4_0900_ai_ci;
/*!40101 SET character_set_client = @saved_cs_client */;

--
-- Dumping data for table `employees`
--

LOCK TABLES `employees` WRITE;
/*!40000 ALTER TABLE `employees` DISABLE KEYS */;
INSERT INTO `employees` VALUES (1,283,1002,5713,'2010-01-01','2014-08-01'),(2,96,1003,2882,'2010-01-01','2014-08-01'),(3,51,1010,3038,'2010-01-01','2014-08-01'),(4,312,1003,5683,'2010-01-01','2014-08-01'),(5,404,1008,3977,'2010-01-01','2014-08-01'),(6,101,1009,2999,'2010-01-01','2014-08-01'),(7,253,1007,4203,'2010-01-01','2014-08-01'),(8,114,1007,2804,'2010-01-01','2014-08-01'),(9,366,1009,5501,'2010-01-01','2014-08-01'),(10,355,1001,2672,'2010-01-01','2014-08-01'),(11,283,1010,2583,'2010-01-01','2014-08-01'),(12,193,1006,3404,'2010-01-01','2014-08-01'),(13,201,1007,4436,'2010-01-01','2014-08-01'),(14,91,1007,4608,'2010-01-01','2014-08-01'),(15,268,1001,2866,'2010-01-01','2014-08-01'),(16,168,1007,4505,'2010-01-01','2014-08-01'),(17,132,1002,2929,'2010-01-01','2014-08-01'),(18,473,1001,3028,'2010-01-01','2014-08-01'),(19,455,1001,2998,'2010-01-01','2014-08-01'),(20,30,1003,2525,'2010-01-01','2014-08-01'),(21,398,1007,5701,'2010-01-01','2014-08-01'),(22,370,1008,2520,'2010-01-01','2014-08-01'),(23,297,1007,4134,'2010-01-01','2014-08-01'),(24,191,1002,5243,'2010-01-01','2014-08-01'),(25,346,1009,2846,'2010-01-01','2014-08-01'),(26,433,1007,3472,'2010-01-01','2014-08-01'),(27,56,1004,3788,'2010-01-01','2014-08-01'),(28,104,1007,5947,'2010-01-01','2014-08-01'),(29,473,1001,5718,'2010-01-01','2014-08-01'),(30,112,1004,2961,'2010-01-01','2014-08-01'),(31,182,1003,3713,'2010-01-01','2014-08-01'),(32,175,1007,5549,'2010-01-01','2014-08-01'),(33,192,1002,3725,'2010-01-01','2014-08-01'),(34,149,1007,5613,'2010-01-01','2014-08-01'),(35,15,1003,5530,'2010-01-01','2014-08-01'),(36,169,1005,5117,'2010-01-01','2014-08-01'),(37,489,1001,5521,'2010-01-01','2014-08-01'),(38,413,1002,5259,'2010-01-01','2014-08-01'),(39,349,1008,2770,'2010-01-01','2014-08-01'),(40,344,1004,5387,'2010-01-01','2014-08-01'),(41,231,1001,4531,'2010-01-01','2014-08-01'),(42,401,1004,4035,'2010-01-01','2014-08-01'),(43,448,1005,3796,'2010-01-01','2014-08-01'),(44,95,1006,4674,'2010-01-01','2014-08-01'),(45,226,1004,2596,'2010-01-01','2014-08-01'),(46,150,1005,4255,'2010-01-01','2014-08-01'),(47,403,1006,3980,'2010-01-01','2014-08-01'),(48,137,1005,4759,'2010-01-01','2014-08-01'),(49,53,1004,5979,'2010-01-01','2014-08-01'),(50,375,1003,5128,'2010-01-01','2014-08-01'),(51,20,1009,2537,'2010-01-01','2014-08-01'),(52,449,1007,3421,'2010-01-01','2014-08-01'),(53,450,1004,3064,'2010-01-01','2014-08-01'),(54,242,1010,3697,'2010-01-01','2014-08-01'),(55,324,1007,3057,'2010-01-01','2014-08-01'),(56,207,1004,3674,'2010-01-01','2014-08-01'),(57,217,1001,4553,'2010-01-01','2014-08-01'),(58,111,1002,2709,'2010-01-01','2014-08-01'),(59,241,1002,3666,'2010-01-01','2014-08-01'),(60,189,1004,5164,'2010-01-01','2014-08-01'),(61,117,1006,5053,'2010-01-01','2014-08-01'),(62,360,1005,4691,'2010-01-01','2014-08-01'),(63,384,1004,2582,'2010-01-01','2014-08-01'),(64,332,1003,4128,'2010-01-01','2014-08-01'),(65,111,1009,3069,'2010-01-01','2014-08-01'),(66,19,1008,4726,'2010-01-01','2014-08-01'),(67,116,1009,4322,'2010-01-01','2014-08-01'),(68,154,1009,3894,'2010-01-01','2014-08-01'),(69,228,1002,3143,'2010-01-01','2014-08-01'),(70,354,1004,4748,'2010-01-01','2014-08-01'),(71,207,1001,5244,'2010-01-01','2014-08-01'),(72,76,1010,5126,'2010-01-01','2014-08-01'),(73,87,1003,5427,'2010-01-01','2014-08-01'),(74,394,1002,5061,'2010-01-01','2014-08-01'),(75,416,1004,5339,'2010-01-01','2014-08-01'),(76,203,1009,4309,'2010-01-01','2014-08-01'),(77,215,1004,4453,'2010-01-01','2014-08-01'),(78,283,1001,5128,'2010-01-01','2014-08-01'),(79,244,1010,2735,'2010-01-01','2014-08-01'),(80,161,1006,4150,'2010-01-01','2014-08-01'),(81,329,1005,5205,'2010-01-01','2014-08-01'),(82,420,1009,3016,'2010-01-01','2014-08-01'),(83,361,1008,2735,'2010-01-01','2014-08-01'),(84,40,1002,4754,'2010-01-01','2014-08-01'),(85,443,1007,3068,'2010-01-01','2014-08-01'),(86,430,1010,4148,'2010-01-01','2014-08-01'),(87,188,1007,4572,'2010-01-01','2014-08-01'),(88,325,1009,3730,'2010-01-01','2014-08-01'),(89,444,1007,3006,'2010-01-01','2014-08-01'),(90,421,1009,4073,'2010-01-01','2014-08-01'),(91,48,1006,5964,'2010-01-01','2014-08-01'),(92,338,1001,4391,'2010-01-01','2014-08-01'),(93,22,1007,4559,'2010-01-01','2014-08-01'),(94,362,1009,4562,'2010-01-01','2014-08-01'),(95,66,1004,5770,'2010-01-01','2014-08-01'),(96,324,1008,5697,'2010-01-01','2014-08-01'),(97,347,1006,5959,'2010-01-01','2014-08-01'),(98,423,1009,3938,'2010-01-01','2014-08-01'),(99,56,1003,3330,'2010-01-01','2014-08-01'),(100,386,1001,3335,'2010-01-01','2014-08-01');
/*!40000 ALTER TABLE `employees` ENABLE KEYS */;
UNLOCK TABLES;

--
-- Table structure for table `exams`
--

DROP TABLE IF EXISTS `exams`;
/*!40101 SET @saved_cs_client     = @@character_set_client */;
/*!50503 SET character_set_client = utf8mb4 */;
CREATE TABLE `exams` (
  `idExam` int NOT NULL,
  `idCourse` int NOT NULL,
  `Room` varchar(45) NOT NULL,
  `Resit` enum('YES','NO') DEFAULT NULL,
  `Date` datetime DEFAULT NULL,
  PRIMARY KEY (`idExam`),
  KEY `idCourse_idx` (`idCourse`),
  CONSTRAINT `idCourse` FOREIGN KEY (`idCourse`) REFERENCES `courses` (`idCourse`)
) ENGINE=InnoDB DEFAULT CHARSET=utf8mb4 COLLATE=utf8mb4_0900_ai_ci;
/*!40101 SET character_set_client = @saved_cs_client */;

--
-- Dumping data for table `exams`
--

LOCK TABLES `exams` WRITE;
/*!40000 ALTER TABLE `exams` DISABLE KEYS */;
INSERT INTO `exams` VALUES (1,1,'A1','NO','2020-04-06 10:00:00'),(2,2,'A2','NO','2020-04-06 10:00:00'),(3,3,'A4','NO','2020-04-06 10:00:00'),(4,4,'A3','NO','2020-04-06 10:00:00'),(5,5,'A5','NO','2020-04-06 10:00:00'),(6,6,'B1','YES','2020-04-06 10:00:00'),(7,7,'B2','YES','2020-04-06 10:00:00'),(8,8,'B3','NO','2020-04-06 10:00:00'),(9,9,'B4','YES','2020-04-06 10:00:00'),(10,10,'B5','NO','2020-04-06 10:00:00'),(11,11,'C1','YES','2020-04-06 10:00:00'),(12,12,'C2','YES','2020-04-21 11:00:00'),(13,13,'C3','NO','2020-04-21 11:00:00'),(14,14,'C4','NO','2020-04-21 11:00:00'),(15,15,'C5','NO','2020-04-21 11:00:00'),(16,16,'D1','NO','2020-04-21 11:00:00'),(17,17,'D2','NO','2020-04-05 10:00:00'),(18,18,'D3','YES','2020-05-07 13:00:00'),(19,19,'D4','NO','2020-05-07 13:00:00'),(20,20,'E1','YES','2020-05-07 13:00:00'),(21,21,'D5','NO','2020-05-07 13:00:00'),(22,22,'E2','YES','2020-05-07 13:00:00'),(23,23,'E3','NO','2020-05-07 13:00:00'),(24,24,'E4','YES','2020-04-27 10:00:00'),(25,25,'E5','NO','2020-04-27 10:00:00'),(26,26,'F1','NO','2020-04-27 10:00:00'),(27,27,'F2','NO','2020-04-27 10:00:00'),(28,28,'F4','NO','2020-04-27 10:00:00'),(29,29,'F3','NO','2020-04-27 10:00:00'),(30,30,'F5','NO','2020-04-19 13:00:00'),(31,31,'G1','NO','2020-04-27 10:00:00'),(32,32,'G2','NO','2020-04-19 13:00:00'),(33,33,'G3','NO','2020-04-19 13:00:00'),(34,34,'G4','NO','2020-04-19 13:00:00'),(35,35,'G5','YES','2020-04-28 13:00:00'),(36,36,'A1','NO','2020-04-15 10:00:00'),(37,37,'A2','NO','2020-04-16 10:00:00'),(38,38,'A3','NO','2020-04-17 10:00:00'),(39,39,'A4','NO','2020-04-18 10:00:00'),(40,40,'A5','NO','2020-04-19 10:00:00'),(41,41,'B1','NO','2020-04-20 11:00:00'),(42,42,'B2','NO','2020-04-21 11:00:00'),(43,43,'B3','NO','2020-04-22 11:00:00'),(44,44,'B4','NO','2020-04-23 11:00:00'),(45,45,'B5','NO','2020-04-24 11:00:00'),(46,46,'Z1','NO','2020-04-25 11:30:00'),(47,47,'Z2','NO','2020-04-26 11:30:00'),(48,48,'Z3','NO','2020-04-27 11:30:00'),(49,49,'Z4','NO','2020-04-28 11:30:00'),(50,50,'Z5','NO','2020-04-29 11:30:00');
/*!40000 ALTER TABLE `exams` ENABLE KEYS */;
UNLOCK TABLES;

--
-- Table structure for table `personinfos`
--

DROP TABLE IF EXISTS `personinfos`;
/*!40101 SET @saved_cs_client     = @@character_set_client */;
/*!50503 SET character_set_client = utf8mb4 */;
CREATE TABLE `personinfos` (
  `idPersonInfo` int NOT NULL,
  `FirstName` varchar(45) NOT NULL,
  `LastName` varchar(45) NOT NULL,
  `DateOfBirth` date NOT NULL,
  `Gender` enum('M','F','O') NOT NULL,
  `Email` varchar(45) DEFAULT NULL,
  `PhoneNumber` varchar(45) DEFAULT NULL,
  `City` varchar(45) DEFAULT NULL,
  `PostalCode` varchar(45) DEFAULT NULL,
  `Street` varchar(45) DEFAULT NULL,
  `HouseNumber` varchar(45) DEFAULT NULL,
  PRIMARY KEY (`idPersonInfo`)
) ENGINE=InnoDB DEFAULT CHARSET=utf8mb4 COLLATE=utf8mb4_0900_ai_ci;
/*!40101 SET character_set_client = @saved_cs_client */;

--
-- Dumping data for table `personinfos`
--

LOCK TABLES `personinfos` WRITE;
/*!40000 ALTER TABLE `personinfos` DISABLE KEYS */;
INSERT INTO `personinfos` VALUES (1,'Robin','Smith','1998-03-01','F','robin1@gmail.com','0632652721','Roterdam','1123AA','abcd','62A'),(2,'Tom','Jackson','1995-02-11','M','tom2@gmail.com','0635618723','Amsterdam','1143AA','acsf','21B'),(3,'Hephzibah','Eliyahu','1950-01-01','F','heliyahu2@nasa.gov','717-532-5411','Lancaster','17622','Elgar','3'),(4,'Tedd','Repper','1950-01-01','M','trepper3@usatoday.com','419-905-4799','Nuku‘alofa',NULL,'Buell','4'),(5,'Arte','Sunnex','1950-01-01','M','asunnex4@youtu.be','428-765-5594','Daliuhang',NULL,'Eastlawn','5'),(6,'Dominique','Antonietti','1950-01-01','M','dantonietti5@bandcamp.com','778-730-7496','Dembeni','97660','Schmedeman','6'),(7,'Humphrey','Niave','1950-01-01','M','hniave6@chicagotribune.com','924-697-9030','Yurkivka',NULL,'Melrose','7'),(8,'Lynnelle','Jandourek','1950-01-01','F','ljandourek7@huffingtonpost.com','357-171-5014','Torre','6320-475','Warbler','8'),(9,'Pancho','Ben','1950-01-01','M','pben8@addthis.com','238-417-6892','Beopwon',NULL,'Westport','9'),(10,'Lindy','Cornely','1950-01-01','M','lcornely9@imageshack.us','790-852-2723','Frýdlant','464 01','Anderson','10'),(11,'Edwin','Undrill','1950-01-01','M','eundrilla@samsung.com','170-740-9156','Íquira','412068','Lotheville','11'),(12,'Averell','Friett','1950-01-01','M','afriettb@lulu.com','597-957-8676','Kafue',NULL,'Almo','12'),(13,'Therese','Killford','1950-01-01','F','tkillfordc@ca.gov','710-431-7806','Vathýlakkos',NULL,'Mayer','13'),(14,'Cindy','Comerford','1950-01-01','F','ccomerfordd@cdbaby.com','665-978-6218','Tubalan','1609','Johnson','14'),(15,'Hali','Tommasuzzi','1950-01-01','F','htommasuzzie@java.com','563-369-1276','Fengtai Chengguanzhen',NULL,'Lakewood','15'),(16,'Delphine','Bloodworthe','1950-01-01','F','dbloodworthef@omniture.com','230-889-5247','Naukot','65011','Lake View','16'),(17,'Noell','Blore','1950-01-01','F','nbloreg@slideshare.net','739-462-7343','Juntang',NULL,'Lakewood Gardens','17'),(18,'Bret','Gurdon','1950-01-01','M','bgurdonh@instagram.com','467-263-9638','Arbuzynka',NULL,'Swallow','18'),(19,'Ravid','Alban','1950-01-01','M','ralbani@nature.com','942-332-7673','Xinrong',NULL,'Londonderry','19'),(20,'Auguste','Chudleigh','1950-01-01','F','achudleighj@house.gov','697-128-5966','Joroan','6007','Grayhawk','20'),(21,'Kort','Bigby','1950-01-01','M','kbigbyk@google.com.hk','257-221-7572','Zaranj',NULL,'Talmadge','21'),(22,'Juline','Corr','1950-01-01','F','jcorrl@bloglines.com','278-280-7524','Sredniy','141060','Hoffman','22'),(23,'Boy','Seilmann','1950-01-01','M','bseilmannm@ibm.com','711-970-2093','Bandar-e Ganāveh',NULL,'Reindahl','23'),(24,'Ailis','Rubroe','1950-01-01','F','arubroen@huffingtonpost.com','593-132-5564','Xincheng',NULL,'Autumn Leaf','24'),(25,'Gaylord','Shipton','1950-01-01','M','gshiptono@artisteer.com','276-878-2181','Ouro Branco','59347-000','Old Gate','25'),(26,'Tedie','Jessett','1950-01-01','M','tjessettp@alibaba.com','198-360-4666','Barurao','8108','Amoth','26'),(27,'Liam','Spuffard','1950-01-01','M','lspuffardq@issuu.com','834-591-4798','Zhangbei',NULL,'Tomscot','27'),(28,'Nydia','Rosengart','1950-01-01','F','nrosengartr@dmoz.org','806-430-1714','Tsuruga','957-0355','Schlimgen','28'),(29,'Caron','Snell','1950-01-01','F','csnells@yellowbook.com','465-908-4172','Sorinomo',NULL,'Lerdahl','29'),(30,'Noland','Beachem','1950-01-01','M','nbeachemt@ed.gov','435-422-8644','Strogino','669469','Killdeer','30'),(31,'Robinet','Meffan','1950-01-01','F','rmeffanu@sina.com.cn','186-817-3537','Pingle',NULL,'Fairview','31'),(32,'Sherie','Medland','1950-01-01','F','smedlandv@eventbrite.com','499-493-7959','Kakhovka',NULL,'Carpenter','32'),(33,'Patsy','Pollett','1950-01-01','M','ppollettw@phpbb.com','592-529-7709','Xintian',NULL,'Center','33'),(34,'Emlyn','Vaggers','1950-01-01','F','evaggersx@meetup.com','853-688-4758','Banyuurip',NULL,'Spohn','34'),(35,'Lalo','Ormistone','1950-01-01','M','lormistoney@hao123.com','899-379-0085','Michurinskoye','188753','Texas','35'),(36,'Natal','Whalley','1950-01-01','M','nwhalleyz@amazon.de','831-616-5473','Lanas','1552','Mifflin','36'),(37,'Demetri','Littleover','1950-01-01','M','dlittleover10@odnoklassniki.ru','807-974-4405','Fengxizhai',NULL,'Nancy','37'),(38,'Shannon','Dietzler','1950-01-01','M','sdietzler11@fc2.com','140-790-4052','Benito Juarez','95749','Stuart','38'),(39,'Jeremias','Learmouth','1950-01-01','M','jlearmouth12@hc360.com','444-997-2341','Motala','591 94','Oak Valley','39'),(40,'Henri','Grantham','1950-01-01','M','hgrantham13@springer.com','856-507-7852','Radenković',NULL,'Del Sol','40'),(41,'Sharona','Dack','1950-01-01','F','sdack14@ftc.gov','734-478-2590','Xiajiashan',NULL,'Kennedy','41'),(42,'Roxanna','Fontelles','1950-01-01','F','rfontelles15@technorati.com','104-672-3123','Lidköping','531 52','South','42'),(43,'Charley','Scanlan','1950-01-01','M','cscanlan16@nasa.gov','768-778-6445','Vityazevo','353421','Dayton','43'),(44,'Hildy','Bromhead','1950-01-01','F','hbromhead17@quantcast.com','112-816-2196','Tulay','4110','Surrey','44'),(45,'Chuck','Eake','1950-01-01','M','ceake18@sina.com.cn','384-442-3948','Karakabak',NULL,'Lighthouse Bay','45'),(46,'Kamila','Ilden','1950-01-01','F','kilden19@cisco.com','820-418-4078','Banjar Brahmanabukit',NULL,'Helena','46'),(47,'Rog','Pendergast','1950-01-01','M','rpendergast1a@printfriendly.com','250-926-4050','Herrera','5013','Corscot','47'),(48,'Simone','Fevier','1950-01-01','F','sfevier1b@cdbaby.com','743-829-9776','Mberubu',NULL,'North','48'),(49,'Vi','Gunston','1950-01-01','F','vgunston1c@oakley.com','706-223-4368','Si Prachan','72140','Nancy','49'),(50,'Layton','Booker','1950-01-01','M','lbooker1d@chron.com','921-676-4368','Fernández','4322','New Castle','50'),(51,'Susanne','Revans','1950-01-01','F','srevans1e@behance.net','703-270-7150','Krajan Tekung',NULL,'Karstens','51'),(52,'Dorian','Herrema','1950-01-01','M','dherrema1f@seesaa.net','571-473-4679','Pyhäsalmi','86801','Twin Pines','52'),(53,'Penelopa','Weakley','1950-01-01','F','pweakley1g@baidu.com','490-543-5119','Wenwuba',NULL,'Carioca','53'),(54,'Kaitlynn','Broseman','1950-01-01','F','kbroseman1h@mysql.com','375-865-3482','Qingtaiping',NULL,'Evergreen','54'),(55,'Wilburt','Lethbridge','1950-01-01','M','wlethbridge1i@google.de','551-460-6954','Lishu',NULL,'Macpherson','55'),(56,'Abran','Cattonnet','1950-01-01','M','acattonnet1j@amazonaws.com','950-829-5223','Piúma','29285-000','Pepper Wood','56'),(57,'Francyne','Rice','1950-01-01','F','frice1k@archive.org','510-393-6447','Qorovulbozor',NULL,'Luster','57'),(58,'Delainey','Atcock','1950-01-01','M','datcock1l@nationalgeographic.com','689-705-5515','Lübeck','23568','Forster','58'),(59,'Gwenny','Fowle','1950-01-01','F','gfowle1m@tripadvisor.com','357-206-5724','Yangdu',NULL,'Bartillon','59'),(60,'Austen','Archbell','1950-01-01','M','aarchbell1n@nps.gov','477-687-8932','Tanjung',NULL,'Elka','60'),(61,'Veronike','Dionsetto','1950-01-01','F','vdionsetto1o@smugmug.com','820-740-2918','Patía','195509','Service','1'),(62,'Tim','Guillet','1950-01-01','M','tguillet1p@naver.com','453-823-2177','Tohautu',NULL,'Blackbird','2'),(63,'Nichol','Musla','1950-01-01','F','nmusla1q@sbwire.com','908-484-0632','Rutul','368700','Carey','3'),(64,'Matilda','Gwioneth','1950-01-01','F','mgwioneth1r@wiley.com','873-536-3415','Salto','2741','Sunfield','4'),(65,'Cale','Mairs','1950-01-01','M','cmairs1s@networksolutions.com','510-626-0608','Migues',NULL,'Transport','5'),(66,'Steffen','O\'Sheeryne','1950-01-01','M','sosheeryne1t@mashable.com','689-283-3607','Şaqānis',NULL,'Forest Run','6'),(67,'Alyosha','Morman','1950-01-01','M','amorman1u@go.com','431-788-2003','Pinega','164610','Fairfield','7'),(68,'Laney','Rozenzweig','1950-01-01','M','lrozenzweig1v@tuttocitta.it','699-621-9919','Jipijapa',NULL,'Schurz','8'),(69,'Mary','Ajsik','1950-01-01','F','majsik1w@cargocollective.com','365-580-3455','Aiguo',NULL,'Melody','9'),(70,'Maximilianus','Brownsey','1950-01-01','M','mbrownsey1x@cmu.edu','122-443-6119','Porto Seguro','45810-000','Arrowood','10'),(71,'Trixi','Olech','1950-01-01','F','tolech1y@blinklist.com','824-435-0864','Ordem','2430-159','Butternut','11'),(72,'Perl','Biddiss','1950-01-01','F','pbiddiss1z@amazonaws.com','648-832-5553','Yanaoca',NULL,'Heath','12'),(73,'Tabbitha','Wudeland','1950-01-01','F','twudeland20@tripod.com','734-383-0234','Pitangui','35650-000','Hoffman','13'),(74,'Jedidiah','Torregiani','1950-01-01','M','jtorregiani21@ehow.com','485-808-4404','Drenova','51301','Crowley','14'),(75,'Rafaello','Gillbard','1950-01-01','M','rgillbard22@mtv.com','588-895-8627','Jeziorany','11-400','Dakota','15'),(76,'Darryl','Eskriet','1950-01-01','M','deskriet23@hc360.com','380-579-3462','Mabasa','3707','Village','16'),(77,'Margy','Hedderly','1950-01-01','F','mhedderly24@ucoz.ru','674-701-3098','Šumice','671 75','Quincy','17'),(78,'Cherey','Chadbourne','1950-01-01','F','cchadbourne25@so-net.ne.jp','989-582-6046','Göteborg','403 20','Cardinal','18'),(79,'Missy','Wragg','1950-01-01','F','mwragg26@is.gd','564-308-1056','Gaoling',NULL,'Lawn','19'),(80,'Milo','Quipp','1950-01-01','M','mquipp27@home.pl','569-900-9141','Topory',NULL,'Anhalt','20'),(81,'Brooks','Exon','1950-01-01','M','bexon28@dailymotion.com','235-271-7968','Gressier',NULL,'Springview','21'),(82,'Orin','Brennan','1950-01-01','M','obrennan29@ow.ly','781-490-9868','Ngulakan',NULL,'Merrick','22'),(83,'Theressa','Billes','1950-01-01','F','tbilles2a@columbia.edu','666-575-1313','Guanyinsi',NULL,'Grim','23'),(84,'Janna','Dawley','1950-01-01','F','jdawley2b@springer.com','825-598-6403','Svilengrad','6500','Carioca','24'),(85,'Carolan','Scutchin','1950-01-01','F','cscutchin2c@is.gd','156-772-9736','Jinping',NULL,'Messerschmidt','25'),(86,'Remus','Gauford','1950-01-01','M','rgauford2d@seattletimes.com','389-870-1436','Dingyan',NULL,'Bluestem','26'),(87,'Lisa','Fearey','1950-01-01','F','lfearey2e@microsoft.com','457-398-6522','Tassin-la-Demi-Lune','69814 CEDEX','Lyons','27'),(88,'Egbert','Chellingworth','1950-01-01','M','echellingworth2f@earthlink.net','627-736-6360','Chengjiang',NULL,'Quincy','28'),(89,'Marcello','Calder','1950-01-01','M','mcalder2g@noaa.gov','596-395-2190','Floresta','56400-000','Goodland','29'),(90,'Gerhardt','Bayston','1950-01-01','M','gbayston2h@adobe.com','493-299-4096','Outlook','N3S','Straubel','30'),(91,'Giustino','Kemmet','1950-01-01','M','gkemmet2i@noaa.gov','284-810-9155','Dubti',NULL,'4th','31'),(92,'Ryun','Aleevy','1950-01-01','M','raleevy2j@sciencedirect.com','336-344-4762','Beibao',NULL,'Eggendart','32'),(93,'Salomone','Thoresby','1950-01-01','M','sthoresby2k@nature.com','436-187-4735','Souto da Casa','6230-689','Melby','33'),(94,'Olympia','Matussov','1950-01-01','F','omatussov2l@reddit.com','803-365-4771','Eystur','666','Glendale','34'),(95,'Gun','Walter','1950-01-01','M','gwalter2m@wordpress.org','192-106-0261','Lingkou',NULL,'Linden','35'),(96,'Indira','Brumwell','1950-01-01','F','ibrumwell2n@indiatimes.com','560-418-8057','Ajaccio','20311 CEDEX 1','Bunting','36'),(97,'Joseph','Luckings','1950-01-01','M','jluckings2o@printfriendly.com','203-689-8472','Zhongying',NULL,'American','37'),(98,'Maegan','Le Sieur','1950-01-01','F','mlesieur2p@themeforest.net','498-909-5808','Bogojevo',NULL,'Parkside','38'),(99,'Drugi','Eaglen','1950-01-01','M','deaglen2q@drupal.org','964-958-9899','Malausma Kidul',NULL,'Donald','39'),(100,'Glendon','Derill','1950-01-01','M','gderill2r@economist.com','117-964-0367','Sertânia','56600-000','Straubel','40'),(101,'Ulrica','Meech','1950-01-01','F','umeech2s@pen.io','520-266-8586','Tabu',NULL,'Montana','41'),(102,'Anatollo','Walpole','1950-01-01','M','awalpole2t@oakley.com','973-816-3590','Le Mans','72004 CEDEX 1','Doe Crossing','42'),(103,'Melosa','Mansuer','1950-01-01','F','mmansuer2u@wisc.edu','155-616-2556','As Saddah',NULL,'Starling','43'),(104,'Kory','Scriver','1950-01-01','M','kscriver2v@jiathis.com','471-751-6067','Sindou',NULL,'High Crossing','44'),(105,'Myrtia','Nowick','1950-01-01','F','mnowick2w@ca.gov','630-730-9459','Chengjiang',NULL,'Cardinal','45'),(106,'Gizela','Loughead','1950-01-01','F','gloughead2x@jugem.jp','523-969-4458','Yongning',NULL,'Leroy','46'),(107,'Scot','Fetter','1950-01-01','M','sfetter2y@posterous.com','281-716-6089','Marseille','13393 CEDEX 13','Springview','47'),(108,'Jeremiah','Antram','1950-01-01','M','jantram2z@scribd.com','849-107-7662','Cravo Norte','812019','Debs','48'),(109,'Brena','Broodes','1950-01-01','F','bbroodes30@gizmodo.com','972-106-7706','Jobabo',NULL,'Coolidge','49'),(110,'Hamlen','Abbet','1950-01-01','M','habbet31@google.fr','463-628-6413','Huangjinjing',NULL,'Anthes','50'),(111,'Odella','Heaford','1950-01-01','F','oheaford32@tripod.com','936-575-5014','Malāyer',NULL,'Vidon','51'),(112,'Carlin','Oakman','1950-01-01','F','coakman33@ustream.tv','652-879-7716','Yangiyŭl',NULL,'Ronald Regan','52'),(113,'Harriette','MacCoughan','1950-01-01','F','hmaccoughan34@icio.us','371-103-7671','Monastyrshchina','603024','Hintze','53'),(114,'Savina','Creasy','1950-01-01','F','screasy35@macromedia.com','517-387-0630','Ziguinchor',NULL,'Northport','54'),(115,'Isaiah','Kennan','1950-01-01','M','ikennan36@creativecommons.org','438-641-2494','Xiachengzi',NULL,'Kennedy','55'),(116,'Yuri','Downer','1950-01-01','M','ydowner37@bandcamp.com','440-732-1718','Zumiao',NULL,'Manitowish','56'),(117,'Shel','Cohn','1950-01-01','F','scohn38@infoseek.co.jp','255-905-2799','Umbultanjung',NULL,'Westend','57'),(118,'Maddy','Tapin','1950-01-01','M','mtapin39@lulu.com','184-518-0518','Monte Redondo','2565-522','Thompson','58'),(119,'Mathew','Daynter','1950-01-01','M','mdaynter3a@cisco.com','296-502-7666','Sosnogorsk','169511','Lake View','59'),(120,'Cris','Stanes','1950-01-01','F','cstanes3b@mayoclinic.com','746-574-9155','Trondheim','7031','Farragut','60'),(121,'Karolina','Pryn','1950-01-01','F','kpryn3c@fema.gov','877-363-0863','Kobayashi','999-6735','Doe Crossing','1'),(122,'Carlye','Phelipeaux','1950-01-01','F','cphelipeaux3d@liveinternet.ru','552-305-3560','Gandrungmangu',NULL,'Valley Edge','2'),(123,'Cinderella','Lindenberg','1950-01-01','F','clindenberg3e@hp.com','904-456-1447','Pawonków','42-772','School','3'),(124,'Chere','Grason','1950-01-01','F','cgrason3f@indiegogo.com','422-558-8482','Wierzchosławice','33-122','Crest Line','4'),(125,'Filmer','Southby','1950-01-01','M','fsouthby3g@eventbrite.com','583-613-8281','Tiang',NULL,'North','5'),(126,'Bjorn','Mussetti','1950-01-01','M','bmussetti3h@oaic.gov.au','880-431-6221','Kawanishi','950-3341','Fulton','6'),(127,'Lise','Baudone','1950-01-01','F','lbaudone3i@guardian.co.uk','313-723-4160','Kola','184389','Melvin','7'),(128,'Obie','Langfat','1950-01-01','M','olangfat3j@abc.net.au','890-936-2069','Poděbrady','290 01','Bayside','8'),(129,'Verena','Binion','1950-01-01','F','vbinion3k@163.com','147-681-8745','Priboj',NULL,'Prairie Rose','9'),(130,'Tabbatha','Scates','1950-01-01','F','tscates3l@surveymonkey.com','742-472-8426','Lapa','83750-000','Sullivan','10'),(131,'Rockie','Baumber','1950-01-01','M','rbaumber3m@dell.com','320-715-5150','Modderfontein','1609','Becker','11'),(132,'Putnem','Haselden','1950-01-01','M','phaselden3n@facebook.com','129-214-0421','Tauranga','3144','Bobwhite','12'),(133,'Hulda','Greystock','1950-01-01','F','hgreystock3o@typepad.com','404-705-9893','Las Toscas','3586','Dayton','13'),(134,'Rori','Howell','1950-01-01','F','rhowell3p@europa.eu','541-805-4512','Boaco',NULL,'Autumn Leaf','14'),(135,'Kirsteni','Rickersey','1950-01-01','F','krickersey3q@google.com','388-137-8907','Stockholm','114 49','Becker','15'),(136,'Griswold','O\' Culligan','1950-01-01','M','goculligan3r@flickr.com','700-346-9730','Joaquín Suárez',NULL,'Clyde Gallagher','16'),(137,'Monica','Sieghart','1950-01-01','F','msieghart3s@nifty.com','217-837-2483','Zhenqiao',NULL,'Autumn Leaf','17'),(138,'Catarina','O\'Connolly','1950-01-01','F','coconnolly3t@xrea.com','927-407-7613','Casal','4600-757','Havey','18'),(139,'Emmalynne','Vousden','1950-01-01','F','evousden3u@hibu.com','596-238-0836','Maliuzui',NULL,'Swallow','19'),(140,'Maxy','Massey','1950-01-01','F','mmassey3v@ustream.tv','608-730-0554','Ketapang',NULL,'Warrior','20'),(141,'Lyle','Seathwright','1950-01-01','M','lseathwright3w@nationalgeographic.com','487-705-7266','Qukou',NULL,'Transport','21'),(142,'Cob','Matelaitis','1950-01-01','M','cmatelaitis3x@cmu.edu','482-583-2499','Astanajapura',NULL,'Claremont','22'),(143,'Sherm','Normanville','1950-01-01','M','snormanville3y@meetup.com','365-881-9586','Red Hill','2110','Ludington','23'),(144,'Skylar','Chung','1950-01-01','M','schung3z@sfgate.com','728-449-7176','Siemiechów','33-181','Trailsway','24'),(145,'Case','Goade','1950-01-01','M','cgoade40@auda.org.au','239-216-6420','Nowlamary','3731','Fisk','25'),(146,'Georgianne','Ickowics','1950-01-01','F','gickowics41@ox.ac.uk','913-944-4808','Cholpon-Ata',NULL,'Weeping Birch','26'),(147,'Sula','Fereday','1950-01-01','F','sfereday42@mediafire.com','177-362-8318','Gaoyan',NULL,'Utah','27'),(148,'Lammond','Gowrie','1950-01-01','M','lgowrie43@uol.com.br','903-692-5143','Driefontein','4142','Rowland','28'),(149,'Maxie','Orford','1950-01-01','M','morford44@ebay.com','924-453-6845','Salaya','13230','Carey','29'),(150,'Lavinia','Bruyet','1950-01-01','F','lbruyet45@go.com','394-305-7649','Latacunga',NULL,'Starling','30'),(151,'Efren','Piolli','1950-01-01','M','epiolli46@dropbox.com','855-315-0526','Xiaohenglong',NULL,'Milwaukee','31'),(152,'Inez','Reid','1950-01-01','F','ireid47@wordpress.com','346-674-9401','Progreso',NULL,'Calypso','32'),(153,'Sandy','Carass','1950-01-01','F','scarass48@uol.com.br','796-634-7487','Tabango','6536','Marquette','33'),(154,'Jermaine','Gair','1950-01-01','F','jgair49@toplist.cz','231-879-1947','Maubara',NULL,'Hazelcrest','34'),(155,'Dalis','Guinness','1950-01-01','M','dguinness4a@altervista.org','604-306-4082','Baquero Norte','3322','2nd','35'),(156,'Lia','Brambley','1950-01-01','F','lbrambley4b@harvard.edu','345-224-8364','Sydney','1134','Thierer','36'),(157,'Bail','Kenworthey','1950-01-01','M','bkenworthey4c@dropbox.com','114-273-2241','Yanai','742-0021','Grim','37'),(158,'Portie','Mogenot','1950-01-01','M','pmogenot4d@blinklist.com','366-623-3186','Zhaitou',NULL,'Morrow','38'),(159,'Evonne','Piperley','1950-01-01','F','epiperley4e@economist.com','761-956-7041','Planá','348 15','Westport','39'),(160,'Tully','Smedley','1950-01-01','M','tsmedley4f@answers.com','892-211-5570','President Roxas','9405','Melody','40'),(161,'Arman','Sturrock','1950-01-01','M','asturrock4g@technorati.com','980-477-9943','Wilkowice','43-365','Algoma','41'),(162,'Josy','Hearn','1950-01-01','F','jhearn4h@vinaora.com','182-624-4213','Challans','85304 CEDEX','Fordem','42'),(163,'Ammamaria','Kenwood','1950-01-01','F','akenwood4i@acquirethisname.com','620-321-0420','Ponte Nova','35430-000','Swallow','43'),(164,'Deeann','Utting','1950-01-01','F','dutting4j@istockphoto.com','794-418-9514','Fantino','11511','Tennessee','44'),(165,'Nannette','Nicholl','1950-01-01','F','nnicholl4k@hao123.com','271-860-3232','Hamburg Winterhude','22303','Spenser','45'),(166,'Katrina','Bellwood','1950-01-01','F','kbellwood4l@mlb.com','603-853-2644','Palaiseau','91124 CEDEX','Golf Course','46'),(167,'Tana','Titheridge','1950-01-01','F','ttitheridge4m@odnoklassniki.ru','164-564-6294','Lobatse',NULL,'Ruskin','47'),(168,'Jessamyn','Jobb','1950-01-01','F','jjobb4n@dagondesign.com','640-236-1019','Saku','964-0944','New Castle','48'),(169,'Heindrick','Childerhouse','1950-01-01','M','hchilderhouse4o@ovh.net','843-450-5906','Charleston','29424','Spohn','49'),(170,'Clem','Fidgett','1950-01-01','M','cfidgett4p@aol.com','964-982-0724','Kālīganj','1910','5th','50'),(171,'Kally','Oswald','1950-01-01','F','koswald4q@seesaa.net','756-632-9257','Mora','792 34','Pierstorff','51'),(172,'Flynn','Gibson','1950-01-01','M','fgibson4r@networksolutions.com','973-471-5974','Qionghu',NULL,'Monica','52'),(173,'Ameline','Lowles','1950-01-01','F','alowles4s@alexa.com','364-761-4548','Ayna',NULL,'Graceland','53'),(174,'Zacharie','Hurton','1950-01-01','M','zhurton4t@blogger.com','473-522-8568','Dushi',NULL,'Southridge','54'),(175,'Hank','Arnoult','1950-01-01','M','harnoult4u@mit.edu','894-182-0437','Osnabrück','49082','Darwin','55'),(176,'Tiphany','Cadden','1950-01-01','F','tcadden4v@is.gd','851-514-9567','Guéret','23016 CEDEX','Oxford','56'),(177,'Wilona','Janks','1950-01-01','F','wjanks4w@accuweather.com','335-324-8567','Porlamar',NULL,'Elka','57'),(178,'Demetris','Neubigin','1950-01-01','M','dneubigin4x@wufoo.com','591-240-8109','Chonghe',NULL,'Maywood','58'),(179,'Tann','Rault','1950-01-01','M','trault4y@plala.or.jp','357-724-4448','Retiro','4162','Tennessee','59'),(180,'Camel','Gutridge','1950-01-01','F','cgutridge4z@washington.edu','266-805-5973','Khatanga','647462','Doe Crossing','60'),(181,'Bank','Slimme','1950-01-01','M','bslimme50@patch.com','334-624-6214','Arias','2624','Rigney','1'),(182,'Avrom','France','1950-01-01','M','afrance51@webnode.com','514-875-7864','Chivor','153007','Di Loreto','2'),(183,'Emmalynne','Delacote','1950-01-01','F','edelacote52@instagram.com','692-191-3156','Tosontsengel',NULL,'Spaight','3'),(184,'Fidel','Chazelas','1950-01-01','M','fchazelas53@virginia.edu','948-166-5367','Xiangcheng',NULL,'Kim','4'),(185,'Lovell','Eyes','1950-01-01','M','leyes54@bing.com','726-739-3773','Darmasari',NULL,'Elka','5'),(186,'Daryl','Jozefczak','1950-01-01','M','djozefczak55@state.gov','195-730-0487','Karangbenda',NULL,'Monica','6'),(187,'Waylan','Petrowsky','1950-01-01','M','wpetrowsky56@theguardian.com','642-892-2537','Qixing',NULL,'Rigney','7'),(188,'Saul','Lemanu','1950-01-01','M','slemanu57@spiegel.de','486-627-6940','Ganxi',NULL,'Texas','8'),(189,'Kellby','Fossett','1950-01-01','M','kfossett58@multiply.com','495-442-7007','Donghui',NULL,'Tennessee','9'),(190,'Imojean','Killgus','1950-01-01','F','ikillgus59@miibeian.gov.cn','742-613-0413','Arrepiado','2140-605','Bay','10'),(191,'Dyna','Jeandel','1950-01-01','F','djeandel5a@samsung.com','356-359-7502','Saintes','17104 CEDEX','Hauk','11'),(192,'Barclay','Youle','1950-01-01','M','byoule5b@about.me','166-128-5606','Schiedam postbusnummers','3109','Miller','12'),(193,'Claudette','Kidman','1950-01-01','F','ckidman5c@sina.com.cn','158-742-1838','Dārān',NULL,'Huxley','13'),(194,'Connie','Mayfield','1950-01-01','M','cmayfield5d@apple.com','341-658-9845','San Rafael','5600','Russell','14'),(195,'Vinnie','Girodin','1950-01-01','M','vgirodin5e@ca.gov','745-152-9146','Sukowono',NULL,'Mockingbird','15'),(196,'Meade','Magog','1950-01-01','M','mmagog5f@flavors.me','324-209-0158','Tbilisskaya','352364','American Ash','16'),(197,'Ronna','East','1950-01-01','F','reast5g@wired.com','699-904-6641','Pedro Betancourt',NULL,'Walton','17'),(198,'Candra','Loncaster','1950-01-01','F','cloncaster5h@eventbrite.com','685-819-3840','San Joaquin','5024','Hovde','18'),(199,'Royal','Tidball','1950-01-01','M','rtidball5i@weibo.com','122-515-6154','Gracias',NULL,'Judy','19'),(200,'Gino','Bafford','1950-01-01','M','gbafford5j@google.ca','335-414-5900','Tolbazy','453480','Lakewood Gardens','20'),(201,'Beitris','Kennifick','1950-01-01','F','bkennifick5k@ameblo.jp','204-499-8935','Irshava',NULL,'Dunning','21'),(202,'Agneta','Dunkley','1950-01-01','F','adunkley5l@youtube.com','117-601-6622','Plavsk','301477','Blue Bill Park','22'),(203,'Isa','Gillio','1950-01-01','F','igillio5m@i2i.jp','127-184-9711','Fuxing',NULL,'Scofield','23'),(204,'Field','Rainsbury','1950-01-01','M','frainsbury5n@mlb.com','950-622-7153','San Matías',NULL,'Bobwhite','24'),(205,'Allison','Altoft','1950-01-01','F','aaltoft5o@google.es','990-124-5278','Pasirnangka',NULL,'Basil','25'),(206,'Mohandas','Wallas','1950-01-01','M','mwallas5p@reference.com','586-104-5927','Kembang',NULL,'Dennis','26'),(207,'Brenden','Wyche','1950-01-01','M','bwyche5q@wikia.com','341-801-5973','Āwash',NULL,'Jana','27'),(208,'Matthias','Dadson','1950-01-01','M','mdadson5r@xinhuanet.com','514-702-5974','San Miguel','8301','Glacier Hill','28'),(209,'Andrey','Perelli','1950-01-01','M','aperelli5s@usatoday.com','201-790-1680','Hannover','30167','Elmside','29'),(210,'Calv','Wightman','1950-01-01','M','cwightman5t@cnbc.com','879-319-3078','Nago','917-0011','East','30'),(211,'Johnathon','Abdon','1950-01-01','M','jabdon5u@nytimes.com','949-836-3278','Dioknisi',NULL,'Trailsway','31'),(212,'Germaine','Milkins','1950-01-01','F','gmilkins5v@archive.org','967-264-2249','Chutove',NULL,'Golf Course','32'),(213,'Dmitri','Masi','1950-01-01','M','dmasi5w@blog.com','402-935-9840','Rybarzowice','43-378','Barby','33'),(214,'Terra','Pegden','1950-01-01','F','tpegden5x@4shared.com','726-366-6777','Lagos da Beira','3405-260','Acker','34'),(215,'Aron','Pehrsson','1950-01-01','M','apehrsson5y@cnbc.com','329-442-8688','Erqu',NULL,'Pine View','35'),(216,'Fiona','Presswell','1950-01-01','F','fpresswell5z@lycos.com','609-885-2505','Gremyachinsk','300971','Spohn','36'),(217,'Teodora','Berzen','1950-01-01','F','tberzen60@boston.com','698-169-2442','Juan Santiago','11112','Spenser','37'),(218,'Silvia','Lude','1950-01-01','F','slude61@eepurl.com','705-951-7582','Vale',NULL,'Anniversary','38'),(219,'Hannis','Troak','1950-01-01','F','htroak62@pbs.org','601-815-9236','Venda','4715-529','Hansons','39'),(220,'Serge','Whittlesea','1950-01-01','M','swhittlesea63@spotify.com','949-394-9148','Baki',NULL,'1st','40'),(221,'Lodovico','Solly','1950-01-01','M','lsolly64@csmonitor.com','657-801-4359','Gapluk',NULL,'Sunbrook','41'),(222,'Guinevere','Royston','1950-01-01','F','groyston65@xinhuanet.com','969-418-4293','Zmijavci','21266','Fieldstone','42'),(223,'Maritsa','Kittow','1950-01-01','F','mkittow66@shop-pro.jp','272-255-4539','Gucheng',NULL,'Shopko','43'),(224,'Bengt','Arthey','1950-01-01','M','barthey67@businesswire.com','258-650-1346','Yuyang',NULL,'Anhalt','44'),(225,'Nancey','McDuffie','1950-01-01','F','nmcduffie68@github.com','567-600-2545','Jeziorany','11-400','Gale','45'),(226,'Elisha','Hayer','1950-01-01','M','ehayer69@nature.com','548-135-9801','Wang Sombun','27250','Lakewood','46'),(227,'Amalie','Corley','1950-01-01','F','acorley6a@technorati.com','440-970-5951','Longshi',NULL,'Canary','47'),(228,'Mariana','Booy','1950-01-01','F','mbooy6b@constantcontact.com','620-974-7292','Longkou',NULL,'Sheridan','48'),(229,'Adore','Chillistone','1950-01-01','F','achillistone6c@independent.co.uk','698-660-3655','Albarraque','2635-012','Stoughton','49'),(230,'Erina','Greenley','1950-01-01','F','egreenley6d@ifeng.com','713-469-8515','Ljubovija',NULL,'Katie','50'),(231,'Rayshell','Sevitt','1950-01-01','F','rsevitt6e@newsvine.com','160-662-3099','Itabuna','45600-000','Anthes','51'),(232,'Karolina','Robers','1950-01-01','F','krobers6f@wikipedia.org','817-246-7537','Eystur','666','Di Loreto','52'),(233,'Broddy','Challener','1950-01-01','M','bchallener6g@yale.edu','189-977-4116','Villa Atamisqui','4317','Lawn','53'),(234,'Coop','Culshaw','1950-01-01','M','cculshaw6h@mediafire.com','921-542-5675','Żebbuġ','ZBB','Basil','54'),(235,'Arabella','Taaffe','1950-01-01','F','ataaffe6i@webs.com','616-498-5139','Escola','4600-730','2nd','55'),(236,'AMa','Candie','1950-01-01','F','acandie6j@tmall.com','850-784-5926','Port Hawkesbury','B9A','Dexter','56'),(237,'Lianne','Welham','1950-01-01','F','lwelham6k@bloglovin.com','695-158-5481','Nanyang',NULL,'Grim','57'),(238,'Karissa','Wiffler','1950-01-01','F','kwiffler6l@cyberchimps.com','770-217-5243','Granada','252257','Hallows','58'),(239,'Tamas','Donavan','1950-01-01','M','tdonavan6m@theglobeandmail.com','559-622-5787','Wulan',NULL,'Red Cloud','59'),(240,'Philippine','Pescod','1950-01-01','F','ppescod6n@blogtalkradio.com','253-779-7442','Kāleke Mandi','52150','Westerfield','60'),(241,'Valle','Foakes','1950-01-01','M','vfoakes6o@state.gov','878-358-0014','Zhirnovsk','403793','Michigan','1'),(242,'Courtnay','Cobbin','1950-01-01','M','ccobbin6p@businesswire.com','723-663-8564','Gualeguay','2840','Shelley','2'),(243,'Cyndi','Christian','1950-01-01','F','cchristian6q@telegraph.co.uk','456-627-8463','Selizharovo','433913','Pond','3'),(244,'Harri','Puttrell','1950-01-01','F','hputtrell6r@reuters.com','338-370-2263','Longtanping',NULL,'High Crossing','4'),(245,'Mike','Barnshaw','1950-01-01','M','mbarnshaw6s@nydailynews.com','153-501-7784','Mirotice','364 71','Oak Valley','5'),(246,'Stern','Royans','1950-01-01','M','sroyans6t@github.com','510-419-3133','Long’an Chengxiangzhen',NULL,'Calypso','6'),(247,'Adelind','Reed','1950-01-01','F','areed6u@ebay.co.uk','286-334-1174','Bukal Sur','4323','Arrowood','7'),(248,'Annie','Schust','1950-01-01','F','aschust6v@hhs.gov','238-724-4531','Morant Bay',NULL,'Corben','8'),(249,'Benyamin','Waycott','1950-01-01','M','bwaycott6w@ihg.com','339-983-7186','Cabucgayan','6550','Elka','9'),(250,'Tedda','Pantry','1950-01-01','F','tpantry6x@studiopress.com','537-143-8468','Balibago','6006','Tennessee','10'),(251,'Abrahan','Buxam','1950-01-01','M','abuxam6y@etsy.com','967-374-8469','Berlín',NULL,'Di Loreto','11'),(252,'Bunny','Welch','1950-01-01','F','bwelch6z@gravatar.com','830-111-4647','Smederevska Palanka',NULL,'Grayhawk','12'),(253,'Maridel','Sandiford','1950-01-01','F','msandiford70@liveinternet.ru','713-330-2892','Mangai',NULL,'Lien','13'),(254,'Garnet','McElmurray','1950-01-01','F','gmcelmurray71@php.net','884-865-1641','Shangping',NULL,'Nelson','14'),(255,'Robin','Presnall','1950-01-01','M','rpresnall72@vkontakte.ru','938-892-3761','Chengshan',NULL,'Bay','15'),(256,'Lorant','Epinoy','1950-01-01','M','lepinoy73@delicious.com','529-929-0088','Storozhnytsya',NULL,'Dexter','16'),(257,'Madelyn','Tranckle','1950-01-01','F','mtranckle74@wunderground.com','829-348-5411','Kuala Baru',NULL,'Prairieview','17'),(258,'Oralie','Blunsom','1950-01-01','F','oblunsom75@homestead.com','620-131-4398','Yangong',NULL,'Jenna','18'),(259,'Dione','McColley','1950-01-01','F','dmccolley76@dailymail.co.uk','101-536-0593','Cipaku',NULL,'Comanche','19'),(260,'Coleman','Blague','1950-01-01','M','cblague77@ocn.ne.jp','791-683-9069','Mari','58345-000','Milwaukee','20'),(261,'Tierney','Lamprey','1950-01-01','F','tlamprey78@php.net','848-480-6006','Banja Luka',NULL,'Magdeline','21'),(262,'Rad','Latty','1950-01-01','M','rlatty79@engadget.com','427-145-8923','Mikhaylovka','397641','Weeping Birch','22'),(263,'Carl','Bush','1950-01-01','M','cbush7a@bluehost.com','512-402-8950','Fangtai',NULL,'Rigney','23'),(264,'Aldridge','McKenna','1950-01-01','M','amckenna7b@mozilla.com','293-424-2697','Zaječí','691 05','Paget','24'),(265,'Bruce','Lyffe','1950-01-01','M','blyffe7c@wp.com','196-215-1975','Izingolweni','4261','Independence','25'),(266,'Adriana','Sowerby','1950-01-01','F','asowerby7d@fc2.com','922-588-3740','Oslo','0712','Loftsgordon','26'),(267,'Chere','Devinn','1950-01-01','F','cdevinn7e@chicagotribune.com','724-276-2702','Newala Kisimani',NULL,'Scoville','27'),(268,'Petey','Richarz','1950-01-01','M','pricharz7f@newsvine.com','197-438-5076','Kadupinang',NULL,'Mockingbird','28'),(269,'Ewell','Craydon','1950-01-01','M','ecraydon7g@instagram.com','979-538-4276','Butwāl',NULL,'Rusk','29'),(270,'Lauritz','McCool','1950-01-01','M','lmccool7h@mapquest.com','342-792-7565','Itajuípe','45630-000','Vera','30'),(271,'Pippo','Sarney','1950-01-01','M','psarney7i@jalbum.net','102-814-5089','Foúrnoi',NULL,'Talisman','31'),(272,'Benedicta','Sear','1950-01-01','F','bsear7j@answers.com','461-456-0656','Pecatu',NULL,'Luster','32'),(273,'Linc','Faldo','1950-01-01','M','lfaldo7k@theglobeandmail.com','899-379-2576','Sochi','354084','Victoria','33'),(274,'Goldia','Odell','1950-01-01','F','godell7l@ftc.gov','116-562-9613','Jeżów','95-047','Northwestern','34'),(275,'Valerie','Eefting','1950-01-01','F','veefting7m@liveinternet.ru','447-177-5940','Chernyakhovsk','238158','Memorial','35'),(276,'Jayne','Plaister','1950-01-01','F','jplaister7n@blogtalkradio.com','358-643-8600','Xianghu',NULL,'School','36'),(277,'Rand','Patis','1950-01-01','M','rpatis7o@google.com','640-673-9741','Jasper Park Lodge','H3R','Reinke','37'),(278,'Gnni','Jeavon','1950-01-01','F','gjeavon7p@people.com.cn','948-830-3428','Chiang Rai','57000','Sloan','38'),(279,'Silva','Kenneford','1950-01-01','F','skenneford7q@senate.gov','333-440-1839','Tojeira','3270-152','Logan','39'),(280,'Vladamir','Abels','1950-01-01','M','vabels7r@photobucket.com','496-183-7578','Temryuk','353508','Ruskin','40'),(281,'Jarib','Ibert','1950-01-01','M','jibert7s@bizjournals.com','718-404-6955','Dongying',NULL,'Sherman','41'),(282,'Javier','Shoobridge','1950-01-01','M','jshoobridge7t@samsung.com','747-787-1112','Suidong',NULL,'Waubesa','42'),(283,'Charmion','Schach','1950-01-01','F','cschach7u@hostgator.com','104-688-8721','Chaviña',NULL,'Elmside','43'),(284,'Dillon','Dobsons','1950-01-01','M','ddobsons7v@a8.net','470-316-2012','Minanga Norte','8209','Karstens','44'),(285,'Rufus','Papis','1950-01-01','M','rpapis7w@histats.com','672-834-2859','Nāṟay',NULL,'Arrowood','45'),(286,'Jodee','Cheesman','1950-01-01','F','jcheesman7x@statcounter.com','295-975-1934','Lile',NULL,'Jackson','46'),(287,'Jared','Zukierman','1950-01-01','M','jzukierman7y@sourceforge.net','591-626-4917','Camajuaní',NULL,'Clarendon','47'),(288,'Purcell','Dorant','1950-01-01','M','pdorant7z@auda.org.au','967-664-0477','Szczecin','71-899','Coolidge','48'),(289,'Gabriele','McKinnon','1950-01-01','M','gmckinnon80@posterous.com','456-793-8607','Kamenný Přívoz','252 82','Pearson','49'),(290,'Erastus','Brilon','1950-01-01','M','ebrilon81@webnode.com','961-907-2981','Łyse','07-437','Sommers','50'),(291,'Saunderson','Leyshon','1950-01-01','M','sleyshon82@sina.com.cn','664-835-3429','Hawassa',NULL,'Parkside','51'),(292,'Abner','Bearsmore','1950-01-01','M','abearsmore83@prnewswire.com','794-728-2576','Tuanshan',NULL,'Schmedeman','52'),(293,'Trey','Favel','1950-01-01','M','tfavel84@yahoo.co.jp','805-770-7174','Kranjska Gora','4280','Loomis','53'),(294,'Torey','Bayly','1950-01-01','M','tbayly85@mediafire.com','109-150-4532','Lekas',NULL,'Fisk','54'),(295,'Isa','Micklewright','1950-01-01','M','imicklewright86@is.gd','757-604-9625','Bentengjawa',NULL,'Oneill','55'),(296,'Barbe','Coverley','1950-01-01','F','bcoverley87@fastcompany.com','184-889-0288','Donghui',NULL,'Lillian','56'),(297,'Karim','Reiach','1950-01-01','M','kreiach88@wikimedia.org','851-199-2536','Francisco Sarabia','29783','Arizona','57'),(298,'Edithe','Beaney','1950-01-01','F','ebeaney89@weebly.com','927-313-8919','Baños',NULL,'Charing Cross','58'),(299,'Shannon','Hallyburton','1950-01-01','M','shallyburton8a@disqus.com','410-219-7776','Lille','59002 CEDEX','Thompson','59'),(300,'Doe','Derks','1950-01-01','F','dderks8b@yahoo.com','227-185-2593','Tambaksari',NULL,'Troy','60'),(301,'Isa','Burkin','1950-01-01','M','iburkin8c@desdev.cn','240-871-9854','Thị Trấn Yên Ninh',NULL,'Lakeland','1'),(302,'Alfred','Tuvey','1950-01-01','M','atuvey8d@wordpress.com','467-604-9210','Delcevo','2320','Lyons','2'),(303,'Melonie','Boydell','1950-01-01','F','mboydell8e@phoca.cz','759-402-7251','Samut Songkhram','75110','Kenwood','3'),(304,'Boris','Lounds','1950-01-01','M','blounds8f@tiny.cc','626-430-9618','Xiongzhou',NULL,'Dapin','4'),(305,'Terence','Oboy','1950-01-01','M','toboy8g@soup.io','134-641-3973','Lyon','69339 CEDEX 02','Haas','5'),(306,'Andros','Minette','1950-01-01','M','aminette8h@yellowbook.com','141-122-8009','Tecpán Guatemala','04006','Boyd','6'),(307,'Mohandis','Conichie','1950-01-01','M','mconichie8i@accuweather.com','672-980-8660','Tarica',NULL,'Columbus','7'),(308,'Matti','Junkinson','1950-01-01','F','mjunkinson8j@wix.com','444-581-5111','Volgodonsk','347395','Sheridan','8'),(309,'Noah','Dislee','1950-01-01','M','ndislee8k@theglobeandmail.com','387-750-2861','Starý Bohumín','735 81','Arapahoe','9'),(310,'Amos','Cattemull','1950-01-01','M','acattemull8l@google.nl','244-273-3706','Akonolinga',NULL,'Lotheville','10'),(311,'Izabel','Sinderson','1950-01-01','F','isinderson8m@a8.net','918-128-1434','Meilin',NULL,'Mallory','11'),(312,'Micheline','Godar','1950-01-01','F','mgodar8n@dailymail.co.uk','194-748-2771','Itaperuçu','83560-000','Gateway','12'),(313,'Marilyn','Hansill','1950-01-01','F','mhansill8o@last.fm','167-188-8310','Hengelo','7554','East','13'),(314,'Sabrina','Marking','1950-01-01','F','smarking8p@pen.io','686-223-6355','Cadiz','11010','Hollow Ridge','14'),(315,'Merrel','Kuller','1950-01-01','M','mkuller8q@biglobe.ne.jp','680-371-9347','Bongsri',NULL,'Oxford','15'),(316,'Lidia','Cotte','1950-01-01','F','lcotte8r@amazon.co.jp','522-887-8909','Campos','38250-000','Oriole','16'),(317,'Abdul','Tomsett','1950-01-01','M','atomsett8s@nasa.gov','228-609-3565','Fort-de-France','97243 CEDEX','Eastwood','17'),(318,'Bastian','Sines','1950-01-01','M','bsines8t@nasa.gov','812-102-4181','Kuleqi',NULL,'Merry','18'),(319,'Iosep','Mursell','1950-01-01','M','imursell8u@topsy.com','312-516-9250','Datarkadu',NULL,'Village Green','19'),(320,'Fairlie','Yushankin','1950-01-01','M','fyushankin8v@bbb.org','537-570-1256','Évreux','27022 CEDEX','Loftsgordon','20'),(321,'Retha','Killshaw','1950-01-01','F','rkillshaw8w@jiathis.com','696-955-5625','Sillon','6532','Esch','21'),(322,'Perry','Cobb','1950-01-01','F','pcobb8x@cdbaby.com','163-335-7054','Maria Aurora','3202','Dexter','22'),(323,'Petronella','Smiz','1950-01-01','F','psmiz8y@oaic.gov.au','205-687-6428','Mohale’s Hoek',NULL,'Debra','23'),(324,'Clevey','McCourtie','1950-01-01','M','cmccourtie8z@time.com','979-157-1348','Dobropillya',NULL,'East','24'),(325,'Andreas','Conring','1950-01-01','M','aconring90@cbc.ca','865-361-9276','Cilimus Kulon',NULL,'Upham','25'),(326,'Patrice','Yarrington','1950-01-01','M','pyarrington91@g.co','846-489-2703','Xintai',NULL,'Almo','26'),(327,'Cynthie','McCarly','1950-01-01','F','cmccarly92@webnode.com','404-637-9446','Buga',NULL,'Reinke','27'),(328,'Shane','Dawidowicz','1950-01-01','M','sdawidowicz93@people.com.cn','948-304-8571','Canggang',NULL,'Division','28'),(329,'Katleen','Witherden','1950-01-01','F','kwitherden94@google.es','345-596-0957','Starokucherganovka','416471','Gulseth','29'),(330,'Richy','Jakubovitch','1950-01-01','M','rjakubovitch95@princeton.edu','983-254-0011','Malapaubhara',NULL,'Doe Crossing','30'),(331,'Aurilia','Lottrington','1950-01-01','F','alottrington96@ox.ac.uk','228-907-4144','Cipanggung',NULL,'Surrey','31'),(332,'Felicity','Rangall','1950-01-01','F','frangall97@csmonitor.com','673-950-0846','Anshun',NULL,'Toban','32'),(333,'Raymond','Maw','1950-01-01','M','rmaw98@merriam-webster.com','710-835-1024','Qīr',NULL,'Carpenter','33'),(334,'Andree','Macallam','1950-01-01','F','amacallam99@bandcamp.com','487-474-2821','Las Flores','70317','Fairview','34'),(335,'Cele','Lowey','1950-01-01','F','clowey9a@istockphoto.com','965-636-1814','Thị Trấn Bắc Yên',NULL,'Scofield','35'),(336,'Annissa','Burles','1950-01-01','F','aburles9b@canalblog.com','166-709-6629','Moyo',NULL,'Fairview','36'),(337,'Aleen','Cardew','1950-01-01','F','acardew9c@ucoz.com','347-715-1433','Kobrinskoye','188355','Lien','37'),(338,'Nike','Lowdiane','1950-01-01','F','nlowdiane9d@nba.com','192-676-5914','Vorob’yovo','141662','Thompson','38'),(339,'Tiffani','Synke','1950-01-01','F','tsynke9e@vimeo.com','256-455-7019','Llorente','6803','Shasta','39'),(340,'Freddie','Pays','1950-01-01','F','fpays9f@seattletimes.com','187-943-2616','Berlin','12437','Melrose','40'),(341,'Jerry','Daulby','1950-01-01','M','jdaulby9g@privacy.gov.au','540-195-0241','Roanoke','24034','Kingsford','41'),(342,'Niccolo','Harsent','1950-01-01','M','nharsent9h@biblegateway.com','694-392-8155','Tanjungluar',NULL,'Carberry','42'),(343,'Gibb','Matura','1950-01-01','M','gmatura9i@europa.eu','869-755-9939','Lanjaghbyur',NULL,'Waxwing','43'),(344,'Sterling','Keenor','1950-01-01','M','skeenor9j@latimes.com','485-657-1053','San Pedro Apartado','7024','Little Fleur','44'),(345,'Chan','Hovington','1950-01-01','M','chovington9k@lycos.com','779-506-3158','Nsok',NULL,'Blackbird','45'),(346,'Jinny','Flancinbaum','1950-01-01','F','jflancinbaum9l@dedecms.com','383-123-6020','Geputan',NULL,'Del Mar','46'),(347,'Marion','Pendock','1950-01-01','M','mpendock9m@spotify.com','523-295-2630','Rzozów','32-060','Petterle','47'),(348,'Sonja','Fransemai','1950-01-01','F','sfransemai9n@phpbb.com','929-133-8601','Shatian',NULL,'Cambridge','48'),(349,'Melitta','Obal','1950-01-01','F','mobal9o@quantcast.com','765-962-0229','Novoanninskiy','403964','Carey','49'),(350,'Renard','Santer','1950-01-01','M','rsanter9p@rambler.ru','944-462-0465','Panaitólion',NULL,'Packers','50'),(351,'Price','Jump','1950-01-01','M','pjump9q@upenn.edu','353-360-7048','Jiantiao',NULL,'Center','51'),(352,'Tobey','Ledgerton','1950-01-01','F','tledgerton9r@reddit.com','660-584-8601','Koanara',NULL,'Hudson','52'),(353,'Ximenez','Lauxmann','1950-01-01','M','xlauxmann9s@fc2.com','451-813-8016','Meru',NULL,'Forest','53'),(354,'Kai','Spiring','1950-01-01','F','kspiring9t@alibaba.com','569-651-8992','Pacet',NULL,'Delladonna','54'),(355,'Tye','de Verson','1950-01-01','M','tdeverson9u@mapquest.com','846-851-2969','Huangling',NULL,'Hagan','55'),(356,'Colman','Wakefield','1950-01-01','M','cwakefield9v@naver.com','525-719-0707','Zhuhu',NULL,'Old Shore','56'),(357,'Riva','Lavelle','1950-01-01','F','rlavelle9w@last.fm','959-428-7264','Niedercorn','L-4993','Vidon','57'),(358,'Curcio','Umbert','1950-01-01','M','cumbert9x@e-recht24.de','359-150-9048','Mozdok','363759','Anzinger','58'),(359,'Trisha','Sowrah','1950-01-01','F','tsowrah9y@weibo.com','736-222-6184','Kinamayan','9611','Scott','59'),(360,'Randolf','Castellaccio','1950-01-01','M','rcastellaccio9z@netvibes.com','368-641-5269','Zhenzhushan',NULL,'Gale','60'),(361,'Sarine','Carefull','1950-01-01','F','scarefulla0@pbs.org','469-861-3417','Wum',NULL,'Westerfield','1'),(362,'Atalanta','Tollett','1950-01-01','F','atolletta1@businessweek.com','428-494-7177','Babah Rot',NULL,'Carioca','2'),(363,'Nikkie','Manz','1950-01-01','F','nmanza2@usda.gov','703-749-7793','Kaminokawa','899-2421','Vera','3'),(364,'Gideon','Byre','1950-01-01','M','gbyrea3@lycos.com','216-974-0589','Urung',NULL,'Kingsford','4'),(365,'Reed','Meineking','1950-01-01','M','rmeinekinga4@163.com','434-246-0715','Sleman',NULL,'Meadow Ridge','5'),(366,'Dacie','McGinlay','1950-01-01','F','dmcginlaya5@printfriendly.com','155-362-1531','Cavaillon','84309 CEDEX','Kinsman','6'),(367,'Renard','Meardon','1950-01-01','M','rmeardona6@imdb.com','560-389-4081','Longnan',NULL,'Starling','7'),(368,'Xavier','Gatteridge','1950-01-01','M','xgatteridgea7@businesswire.com','845-567-4245','Tibiri',NULL,'Wayridge','8'),(369,'Jany','Kitteringham','1950-01-01','F','jkitteringhama8@dion.ne.jp','855-680-5366','Dandian',NULL,'Towne','9'),(370,'Chip','Boschmann','1950-01-01','M','cboschmanna9@taobao.com','599-288-7748','Mansilingan','6129','Parkside','10'),(371,'Elvis','Thoma','1950-01-01','M','ethomaaa@i2i.jp','550-382-8439','Leeuwarden','8924','Doe Crossing','11'),(372,'Lela','Ohms','1950-01-01','F','lohmsab@wikimedia.org','729-218-9983','Jiahu',NULL,'Fallview','12'),(373,'Rowen','Walasik','1950-01-01','M','rwalasikac@ftc.gov','214-555-0477','Marseille','13568 CEDEX 02','North','13'),(374,'Jed','Clayworth','1950-01-01','M','jclayworthad@people.com.cn','781-440-5351','Bajiao',NULL,'Welch','14'),(375,'Lynde','Cushion','1950-01-01','F','lcushionae@marriott.com','585-862-0472','Eucaliptus',NULL,'High Crossing','15'),(376,'Uriel','Albert','1950-01-01','M','ualbertaf@sbwire.com','256-282-9012','Armação de Pêra','8365-105','Bowman','16'),(377,'Joete','Borer','1950-01-01','F','jborerag@usnews.com','903-692-8445','Aija',NULL,'Utah','17'),(378,'Flem','Terry','1950-01-01','M','fterryah@shop-pro.jp','225-516-1567','Yelan’','396647','Green Ridge','18'),(379,'Verine','Jukes','1950-01-01','F','vjukesai@wordpress.com','906-581-6151','Uddiawan','3605','Corry','19'),(380,'Bunni','Scutter','1950-01-01','F','bscutteraj@businesswire.com','650-953-8117','Casal do Conde','2330-524','Scoville','20'),(381,'Rasla','Tomala','1950-01-01','F','rtomalaak@issuu.com','244-438-0220','Chisht-e Sharīf',NULL,'Tomscot','21'),(382,'Elana','Denis','1950-01-01','F','edenisal@is.gd','307-796-7832','Siikajoki','92320','Bobwhite','22'),(383,'Salvidor','Blain','1950-01-01','M','sblainam@sun.com','243-144-7981','Ciparasi',NULL,'Dennis','23'),(384,'Teodora','Cuolahan','1950-01-01','F','tcuolahanan@instagram.com','824-574-7963','Křižanov','789 01','Monument','24'),(385,'Nadine','McNamee','1950-01-01','F','nmcnameeao@slideshare.net','569-675-5320','Arkhaía Kórinthos',NULL,'Lotheville','25'),(386,'Waverly','Cargen','1950-01-01','M','wcargenap@bbc.co.uk','430-394-8832','San Isidro','60284','David','26'),(387,'Traver','Bummfrey','1950-01-01','M','tbummfreyaq@tuttocitta.it','464-232-2624','Nungga',NULL,'Meadow Valley','27'),(388,'Harmony','Cozens','1950-01-01','F','hcozensar@comsenz.com','795-512-4562','São Pedro da Aldeia','28940-000','1st','28'),(389,'Valencia','Stuer','1950-01-01','F','vstueras@bizjournals.com','390-861-1607','Hat Yai','90110','Texas','29'),(390,'Darcy','Ahrend','1950-01-01','F','dahrendat@toplist.cz','777-995-7656','Hilotongan','3201','Johnson','30'),(391,'Aurore','Hindenberger','1950-01-01','F','ahindenbergerau@indiatimes.com','331-794-3128','Sudo',NULL,'Reinke','31'),(392,'Aloysius','Antoniewski','1950-01-01','M','aantoniewskiav@hao123.com','944-575-7461','Izlake','1411','Valley Edge','32'),(393,'Claiborne','O\'Cleary','1950-01-01','M','coclearyaw@smugmug.com','470-734-5914','Radomir','2453','Granby','33'),(394,'Bee','Claypole','1950-01-01','F','bclaypoleax@va.gov','664-638-5636','Uozu','938-0049','Orin','34'),(395,'Brigham','Clousley','1950-01-01','M','bclousleyay@unicef.org','863-795-6717','Sukadana',NULL,'Talisman','35'),(396,'Livvie','Lipprose','1950-01-01','F','llipproseaz@sitemeter.com','226-509-8307','Torslanda','423 43','Scott','36'),(397,'Lindon','Rannigan','1950-01-01','M','lranniganb0@berkeley.edu','116-656-7335','Pushkino','142139','Briar Crest','37'),(398,'Morry','Ovanesian','1950-01-01','M','movanesianb1@stumbleupon.com','570-428-5546','Niedzica','34-441','Pond','38'),(399,'Devy','Rickword','1950-01-01','M','drickwordb2@1688.com','690-915-5880','Kez','427580','Almo','39'),(400,'Therese','Perrygo','1950-01-01','F','tperrygob3@chron.com','586-985-2912','Lianga','8307','Ridgeway','40'),(401,'Matthaeus','Thireau','1950-01-01','M','mthireaub4@cloudflare.com','571-832-5721','Guayatá','153047','Bellgrove','41'),(402,'Waylen','Leaning','1950-01-01','M','wleaningb5@yelp.com','849-868-4253','Xinzhan',NULL,'Bartelt','42'),(403,'Lindy','Kopp','1950-01-01','M','lkoppb6@booking.com','679-143-6663','Bintulu','97010','Kingsford','43'),(404,'Moses','Whales','1950-01-01','M','mwhalesb7@ucoz.ru','251-357-4249','Pentéli',NULL,'Moland','44'),(405,'Ronalda','Hamfleet','1950-01-01','F','rhamfleetb8@angelfire.com','290-472-2502','Payabon','9209','Paget','45'),(406,'Jonas','Farthing','1950-01-01','M','jfarthingb9@google.co.uk','465-209-9118','Guantian',NULL,'Summerview','46'),(407,'Ruddy','Tabbitt','1950-01-01','M','rtabbittba@tripod.com','799-158-6932','Bulls','4894','Vera','47'),(408,'Brigham','Stainer','1950-01-01','M','bstainerbb@bravesites.com','527-396-7834','Narach',NULL,'Holy Cross','48'),(409,'Charlot','McPhillimey','1950-01-01','F','cmcphillimeybc@squidoo.com','783-238-5545','Ruteng',NULL,'Hayes','49'),(410,'Randee','Cutchie','1950-01-01','F','rcutchiebd@indiegogo.com','519-562-7317','Hobor',NULL,'Leroy','50'),(411,'Aldon','Franzonello','1950-01-01','M','afranzonellobe@google.ru','487-538-8851','Särevere',NULL,'Menomonie','51'),(412,'Bobinette','Kirton','1950-01-01','F','bkirtonbf@upenn.edu','599-585-4974','Jun’an',NULL,'Luster','52'),(413,'Whitney','Fulham','1950-01-01','F','wfulhambg@jalbum.net','959-153-2612','Meadow Lake','S9X','Buell','53'),(414,'Byrom','Cordelet','1950-01-01','M','bcordeletbh@clickbank.net','128-324-6014','Żychlin','99-320','Evergreen','54'),(415,'Jim','Branson','1950-01-01','M','jbransonbi@weebly.com','575-174-1815','Sredno Konjare','1060','Lighthouse Bay','55'),(416,'Aime','Corgenvin','1950-01-01','F','acorgenvinbj@jiathis.com','621-306-7920','Pirogovo','427010','Sheridan','56'),(417,'Elvyn','Yeoman','1950-01-01','M','eyeomanbk@odnoklassniki.ru','791-712-4532','Apače','9253','Weeping Birch','57'),(418,'Penelopa','Keese','1950-01-01','F','pkeesebl@cafepress.com','291-389-9702','Ughelli',NULL,'Marquette','58'),(419,'Kathe','Risebarer','1950-01-01','F','krisebarerbm@reddit.com','147-899-6769','Qingfeng',NULL,'Division','59'),(420,'Haley','Millberg','1950-01-01','M','hmillbergbn@foxnews.com','116-697-0722','Đoan Hùng',NULL,'Fordem','60'),(421,'Billy','Delacourt','1950-01-01','M','bdelacourtbo@wikipedia.org','931-446-7905','Maganha','4785-650','Summer Ridge','1'),(422,'Nelly','Addey','1950-01-01','F','naddeybp@newsvine.com','786-360-4874','Uji','699-1105','Little Fleur','2'),(423,'Liliane','Monelle','1950-01-01','F','lmonellebq@uol.com.br','966-644-6042','Kyzyl-Burun',NULL,'Hoepker','3'),(424,'Claire','Ranger','1950-01-01','M','crangerbr@mozilla.com','567-299-0493','Talin Hiag',NULL,'Hermina','4'),(425,'Francine','Farress','1950-01-01','F','ffarressbs@utexas.edu','218-700-2312','Dalubian',NULL,'Jackson','5'),(426,'Jeremiah','Winship','1950-01-01','M','jwinshipbt@walmart.com','113-567-6840','Khon Buri','30250','Forest','6'),(427,'Sandie','Fishleigh','1950-01-01','F','sfishleighbu@nsw.gov.au','362-527-8386','Gangdong',NULL,'Continental','7'),(428,'Luise','Gibson','1950-01-01','F','lgibsonbv@businessweek.com','600-424-4028','Kuala Lumpur','50933','Mariners Cove','8'),(429,'Dee','Rawet','1950-01-01','F','drawetbw@icq.com','338-377-2571','Banjar Pangkungkarung Kangin',NULL,'Buhler','9'),(430,'Forest','Antram','1950-01-01','M','fantrambx@scribd.com','677-903-4008','Shawan',NULL,'Michigan','10'),(431,'Haze','Baty','1950-01-01','M','hbatyby@google.ru','919-863-8678','Yasinya',NULL,'Marquette','11'),(432,'Coriss','Signore','1950-01-01','F','csignorebz@nhs.uk','851-813-5373','Ballina','F26','Erie','12'),(433,'Mallorie','Drane','1950-01-01','F','mdranec0@netscape.com','387-383-0456','Aconibe',NULL,'Dakota','13'),(434,'Shelagh','Greenside','1950-01-01','F','sgreensidec1@wiley.com','829-955-2656','Wufeng',NULL,'Northwestern','14'),(435,'Shellysheldon','MacEveley','1950-01-01','M','smaceveleyc2@go.com','178-890-2109','Tongouson','7010','Dapin','15'),(436,'Carlita','Keveren','1950-01-01','F','ckeverenc3@walmart.com','504-116-1365','Nay Pyi Taw',NULL,'Lukken','16'),(437,'Carey','Boar','1950-01-01','M','cboarc4@fda.gov','609-779-0511','Angadanan','3307','John Wall','17'),(438,'Demetre','Demchen','1950-01-01','M','ddemchenc5@youku.com','640-390-1044','Henggang',NULL,'7th','18'),(439,'Ilsa','Coote','1950-01-01','F','icootec6@mysql.com','166-555-1280','Serdobsk','442895','Shoshone','19'),(440,'Grier','Kopecka','1950-01-01','F','gkopeckac7@ezinearticles.com','528-138-2650','Baizhang',NULL,'Linden','20'),(441,'Cordie','Ismead','1950-01-01','F','cismeadc8@cocolog-nifty.com','844-691-6407','Yuzui',NULL,'Dorton','21'),(442,'Ed','Braune','1950-01-01','M','ebraunec9@bigcartel.com','576-900-8559','Aguelmous',NULL,'Barby','22'),(443,'Roxanna','MacNeilage','1950-01-01','F','rmacneilageca@hp.com','248-349-3023','Manola',NULL,'Harper','23'),(444,'Alex','Lilion','1950-01-01','M','alilioncb@godaddy.com','210-730-0530','Conduaga','1084','Kingsford','24'),(445,'Wendy','Pendred','1950-01-01','F','wpendredcc@alibaba.com','379-995-6710','Santa Cecilia','48744','Merry','25'),(446,'Dyanna','Undrell','1950-01-01','F','dundrellcd@slideshare.net','398-149-0112','Hutou',NULL,'Thackeray','26'),(447,'Giselbert','Wharton','1950-01-01','M','gwhartonce@webs.com','604-512-5392','Sīlat al Ḩārithīyah',NULL,'Arkansas','27'),(448,'Henri','Danzey','1950-01-01','M','hdanzeycf@domainmarket.com','407-352-7011','Kafarati',NULL,'Debra','28'),(449,'Hieronymus','Lemmen','1950-01-01','M','hlemmencg@sina.com.cn','786-790-9429','Brétigny-sur-Orge','91229 CEDEX','Stephen','29'),(450,'Burl','Wanderschek','1950-01-01','M','bwanderschekch@wiley.com','999-688-0251','Otrado-Kubanskoye','352189','Kings','30'),(451,'Romeo','Rosini','1950-01-01','M','rrosinici@domainmarket.com','211-425-3004','Port Area','1018','Grover','31'),(452,'Lissa','Gligorijevic','1950-01-01','F','lgligorijeviccj@hexun.com','869-659-3991','Yanmenkou',NULL,'Washington','32'),(453,'Gary','Rallings','1950-01-01','M','grallingsck@istockphoto.com','791-315-6259','Paldit','1422','Scott','33'),(454,'Papagena','Pogosian','1950-01-01','F','ppogosiancl@nhs.uk','463-676-7960','Yanino Vtoroye','188680','Dunning','34'),(455,'Shandy','Paxforde','1950-01-01','F','spaxfordecm@buzzfeed.com','730-118-7647','Weekombaka',NULL,'Maywood','35'),(456,'Sandye','Aloshikin','1950-01-01','F','saloshikincn@skype.com','868-421-3317','Itapeva','18400-000','Westerfield','36'),(457,'Claiborn','Boissier','1950-01-01','M','cboissierco@acquirethisname.com','218-851-8190','Suqu',NULL,'Meadow Vale','37'),(458,'Arden','McCosker','1950-01-01','F','amccoskercp@nba.com','432-175-3398','Santa Rita',NULL,'Forest','38'),(459,'Kimble','Sturdgess','1950-01-01','M','ksturdgesscq@php.net','846-679-4669','Cuozheqiangma',NULL,'Westerfield','39'),(460,'Bonnie','Kosiada','1950-01-01','F','bkosiadacr@nymag.com','946-630-3165','Hiratsuka','820-0702','Coolidge','40'),(461,'Allene','Soanes','1950-01-01','F','asoanescs@wix.com','993-686-1635','São Mateus','9700-555','Marquette','41'),(462,'Zaccaria','Ondrusek','1950-01-01','M','zondrusekct@ameblo.jp','133-563-1077','Mariestad','542 23','Sloan','42'),(463,'Meta','Grogona','1950-01-01','F','mgrogonacu@tmall.com','935-199-6809','Baiyangwan',NULL,'Dorton','43'),(464,'Brnaby','Ivanets','1950-01-01','M','bivanetscv@mac.com','366-572-0191','Otterburn Park','L6G','Kennedy','44'),(465,'Sawyer','Impleton','1950-01-01','M','simpletoncw@storify.com','879-441-1328','Suphan Buri','44130','David','45'),(466,'Benoite','Werrilow','1950-01-01','F','bwerrilowcx@bloomberg.com','687-761-9104','Fūman',NULL,'Lindbergh','46'),(467,'Symon','Vosper','1950-01-01','M','svospercy@wufoo.com','852-834-2022','Jayawangi',NULL,'Ridge Oak','47'),(468,'Elicia','Faucett','1950-01-01','F','efaucettcz@pen.io','182-748-5809','Chashnikovo','143912','Marcy','48'),(469,'Rudy','Baike','1950-01-01','M','rbaiked0@opera.com','329-846-4936','Emiliano Zapata','25740','Daystar','49'),(470,'Margette','MacBean','1950-01-01','F','mmacbeand1@digg.com','468-101-5782','Kanbe',NULL,'Di Loreto','50'),(471,'Liliane','Tatlock','1950-01-01','F','ltatlockd2@google.pl','119-402-8859','San Cristóbal Verapaz','21005','Westridge','51'),(472,'Armando','Glantz','1950-01-01','M','aglantzd3@php.net','846-996-1464','Tsaghkaber',NULL,'Erie','52'),(473,'Peri','McTurk','1950-01-01','F','pmcturkd4@prweb.com','999-671-5965','Dete',NULL,'Dwight','53'),(474,'Corilla','Titchen','1950-01-01','F','ctitchend5@stanford.edu','928-857-2217','Chambray-lès-Tours','37174 CEDEX','Huxley','54'),(475,'Lu','Classen','1950-01-01','F','lclassend6@nifty.com','390-126-5749','Chongjin',NULL,'Del Sol','55'),(476,'Lucias','Trayling','1950-01-01','M','ltraylingd7@sourceforge.net','746-825-6353','Bengras',NULL,'Harper','56'),(477,'Hamid','Sexstone','1950-01-01','M','hsexstoned8@nymag.com','396-909-1082','Burqah',NULL,'Cottonwood','57'),(478,'Susie','Giscken','1950-01-01','F','sgisckend9@about.com','514-350-3124','Fershampenuaz','457650','Graceland','58'),(479,'Mike','Timby','1950-01-01','M','mtimbyda@geocities.com','826-627-2098','Itapeva','18400-000','Hermina','59'),(480,'Georgianne','Bamforth','1950-01-01','F','gbamforthdb@taobao.com','321-558-5801','Gjoa Haven','J7R','Macpherson','60'),(481,'Cammy','Dursley','1950-01-01','M','cdursleydc@soundcloud.com','332-683-9456','Ciseda',NULL,'Namekagon','1'),(482,'Koo','Srutton','1950-01-01','F','ksruttondd@etsy.com','182-977-4919','Fangli',NULL,'Chinook','2'),(483,'Marabel','Locket','1950-01-01','F','mlocketde@npr.org','770-269-8140','Rokitno Szlacheckie','42-454','Jenna','3'),(484,'Randi','Cottel','1950-01-01','F','rcotteldf@twitpic.com','460-483-5773','Sagaing',NULL,'Myrtle','4'),(485,'Marcie','Windus','1950-01-01','F','mwindusdg@nyu.edu','144-546-5859','Beira',NULL,'Maryland','5'),(486,'Oswald','Monkman','1950-01-01','M','omonkmandh@creativecommons.org','264-369-2423','Mouriscas','2200-706','East','6'),(487,'Simmonds','Skully','1950-01-01','M','sskullydi@vkontakte.ru','205-880-8530','Mariestad','542 73','Gateway','7'),(488,'Claudio','Koenraad','1950-01-01','M','ckoenraaddj@intel.com','444-585-9104','Tong’an',NULL,'Prairieview','8'),(489,'Bette','Brewett','1950-01-01','F','bbrewettdk@vimeo.com','831-492-0574','Xiongguan',NULL,'Cherokee','9'),(490,'Curr','McWhinnie','1950-01-01','M','cmcwhinniedl@theguardian.com','246-700-8519','Napoli','80141','Clyde Gallagher','10'),(491,'Morgun','Bartell','1950-01-01','M','mbartelldm@tmall.com','285-407-2091','Laowobao',NULL,'Warner','11'),(492,'Paul','Pashe','1950-01-01','M','ppashedn@thetimes.co.uk','324-467-2483','Fort Dauphin',NULL,'Moose','12'),(493,'Gabie','Woolmore','1950-01-01','M','gwoolmoredo@wikipedia.org','999-723-2584','Kiuola',NULL,'Straubel','13'),(494,'Gaynor','Cornelis','1950-01-01','F','gcornelisdp@tuttocitta.it','477-973-2624','Yanghu',NULL,'Waywood','14'),(495,'Nichol','Chasle','1950-01-01','F','nchasledq@constantcontact.com','368-812-7936','Hiratachō','699-0644','Farwell','15'),(496,'Wendie','Khrishtafovich','1950-01-01','F','wkhrishtafovichdr@tripod.com','535-650-8020','Ciénaga de Oro','232538','Elgar','16'),(497,'Sybila','Mockes','1950-01-01','F','smockesds@icq.com','104-217-6229','Caojia',NULL,'Nobel','17'),(498,'Georgianna','Walbridge','1950-01-01','F','gwalbridgedt@jimdo.com','255-596-0779','Riangderi',NULL,'Saint Paul','18'),(499,'Hildegaard','Klehn','1950-01-01','F','hklehndu@scribd.com','600-632-1265','Yŏnggwang-ŭp',NULL,'Bellgrove','19'),(500,'Toby','Heinig','1950-01-01','F','theinigdv@bing.com','373-321-2920','Nong Kung Si','46220','Ridge Oak','20');
/*!40000 ALTER TABLE `personinfos` ENABLE KEYS */;
UNLOCK TABLES;

--
-- Table structure for table `programmes`
--

DROP TABLE IF EXISTS `programmes`;
/*!40101 SET @saved_cs_client     = @@character_set_client */;
/*!50503 SET character_set_client = utf8mb4 */;
CREATE TABLE `programmes` (
  `idProgramme` int NOT NULL,
  `Degree` varchar(45) NOT NULL,
  `ProgrammeName` varchar(45) NOT NULL,
  `Description` varchar(200) NOT NULL,
  `Language` varchar(45) NOT NULL,
  `Duration` int NOT NULL,
  `City` varchar(45) NOT NULL,
  `TuitionFee` int DEFAULT NULL,
  PRIMARY KEY (`idProgramme`)
) ENGINE=InnoDB DEFAULT CHARSET=utf8mb4 COLLATE=utf8mb4_0900_ai_ci;
/*!40101 SET character_set_client = @saved_cs_client */;

--
-- Dumping data for table `programmes`
--

LOCK TABLES `programmes` WRITE;
/*!40000 ALTER TABLE `programmes` DISABLE KEYS */;
INSERT INTO `programmes` VALUES (101,'BSc','Mathematical Engineering','Future data scientist, software engineer,etc.','English',4,'Diemen',8000),(102,'BA','Tourism Management','Future travel consultant, marketing manager,etc.','English',4,'Diemen',5000),(103,'BSc','Aeronautical Engineering','Future flight test engineer,structural engineer,etc.','English',4,'Diemen',6000),(104,'BA','Business Innovation','Future entrepreneur, trend spotter, business development manager, etc.','English, Dutch',4,'Delft',5000),(105,'BA','Creative Business','Future product manager, concept developer, event manager, etc.','English, Dutch',4,'Haarlem',7000),(106,'BSc','Information Technology','Future app developer, software engineer, etc','English',4,'Delft',8000),(107,'BSc','Civil Engineeing','Future urban planning engineer, transportationn engineer, environmental egineer, etc.','English, Dutch',4,'Roterdadm',4000),(108,'BSc','Architetcure Engineering ','Future architect ','English',4,'Eindoven',4000),(109,'BA','Political science','Future policy analyst, political consultant, etc.','Dutch',4,'Diemen',6000),(110,'BSc','Environmental Engineering','Future power engineer, design specialist, etc','English, Dutch',4,'Haarlem',8000);
/*!40000 ALTER TABLE `programmes` ENABLE KEYS */;
UNLOCK TABLES;

--
-- Table structure for table `results`
--

DROP TABLE IF EXISTS `results`;
/*!40101 SET @saved_cs_client     = @@character_set_client */;
/*!50503 SET character_set_client = utf8mb4 */;
CREATE TABLE `results` (
  `idresults` int NOT NULL,
  `idExam` int NOT NULL,
  `StudentNumber` int NOT NULL,
  `Passed` enum('YES','NO') NOT NULL,
  `Score` int NOT NULL,
  PRIMARY KEY (`idresults`),
  KEY `idExam_idx` (`idExam`),
  KEY `StudentNumber_idx` (`StudentNumber`),
  CONSTRAINT `idExam` FOREIGN KEY (`idExam`) REFERENCES `exams` (`idExam`) ON DELETE CASCADE ON UPDATE CASCADE,
  CONSTRAINT `StudentNumber` FOREIGN KEY (`StudentNumber`) REFERENCES `students` (`StudentNumber`) ON DELETE CASCADE ON UPDATE CASCADE
) ENGINE=InnoDB DEFAULT CHARSET=utf8mb4 COLLATE=utf8mb4_0900_ai_ci;
/*!40101 SET character_set_client = @saved_cs_client */;

--
-- Dumping data for table `results`
--

LOCK TABLES `results` WRITE;
/*!40000 ALTER TABLE `results` DISABLE KEYS */;
INSERT INTO `results` VALUES (1,1,3006,'YES',80),(2,1,3009,'NO',40),(3,1,3021,'YES',90),(4,1,3022,'YES',75),(5,1,3033,'NO',53),(6,1,3046,'YES',86),(7,1,3054,'YES',79),(8,1,3058,'YES',96),(9,1,3077,'NO',43),(10,1,3096,'YES',68),(11,1,3111,'YES',92),(12,1,3113,'YES',79),(13,1,3114,'NO',42),(14,1,3118,'YES',76),(15,1,3127,'YES',59),(16,2,3006,'YES',80),(17,2,3009,'YES',60),(18,2,3021,'YES',90),(19,2,3022,'YES',75),(20,2,3033,'YES',73),(21,2,3046,'NO',53),(22,2,3054,'YES',79),(23,2,3058,'YES',96),(24,2,3077,'YES',63),(25,2,3096,'YES',68),(26,2,3111,'YES',92),(27,2,3113,'YES',79),(28,2,3114,'YES',82),(29,2,3118,'YES',76),(30,2,3127,'YES',59),(31,3,3006,'YES',80),(32,3,3009,'YES',60),(33,3,3021,'YES',90),(34,3,3022,'YES',75),(35,3,3033,'YES',73),(36,3,3046,'YES',73),(37,3,3054,'YES',79),(38,3,3058,'YES',96),(39,3,3077,'YES',63),(40,3,3096,'YES',68),(41,3,3111,'YES',92),(42,3,3113,'YES',79),(43,3,3114,'YES',82),(44,3,3118,'YES',76),(45,3,3127,'YES',59),(46,4,3006,'YES',80),(47,4,3009,'YES',60),(48,4,3021,'YES',90),(49,4,3022,'YES',75),(50,4,3033,'YES',73),(51,4,3046,'YES',73),(52,4,3054,'NO',49),(53,4,3058,'YES',96),(54,4,3077,'YES',63),(55,4,3096,'YES',68),(56,4,3111,'YES',92),(57,4,3113,'YES',79),(58,4,3114,'NO',43),(59,4,3118,'YES',82),(60,4,3127,'YES',82),(61,5,3006,'YES',80),(62,5,3009,'NO',54),(63,5,3021,'YES',90),(64,5,3022,'YES',75),(65,5,3033,'YES',73),(66,5,3046,'YES',73),(67,5,3054,'YES',49),(68,5,3058,'YES',96),(69,5,3077,'YES',63),(70,5,3096,'YES',68),(71,5,3111,'YES',92),(72,5,3113,'YES',79),(73,5,3114,'YES',43),(74,5,3118,'YES',82),(75,5,3127,'NO',51),(76,6,3013,'YES',80),(77,6,3019,'NO',54),(78,6,3020,'YES',90),(79,6,3026,'YES',75),(80,6,3027,'YES',73),(81,6,3055,'YES',73),(82,6,3057,'YES',49),(83,6,3063,'YES',96),(84,6,3072,'YES',63),(85,6,3074,'YES',68),(86,6,3081,'YES',92),(87,6,3087,'YES',79),(88,6,3093,'YES',43),(89,6,3095,'YES',82),(90,6,3100,'NO',51),(91,6,3104,'YES',59),(92,6,3115,'YES',62),(93,6,3116,'YES',65),(94,6,3125,'YES',68),(95,6,3130,'YES',71),(96,6,3138,'YES',74),(97,6,3145,'YES',77),(98,6,3150,'YES',80),(99,6,3155,'YES',83),(100,6,3182,'YES',86),(101,6,3184,'YES',89),(102,6,3187,'YES',92),(103,6,3188,'YES',95),(104,6,3189,'YES',98),(105,6,3200,'YES',56),(106,6,3207,'NO',53),(107,6,3213,'YES',58),(108,6,3215,'YES',59),(109,6,3222,'YES',60),(110,6,3232,'YES',61),(111,6,3257,'YES',62),(112,6,3271,'YES',63),(113,6,3288,'YES',64),(114,6,3292,'YES',65),(115,6,3308,'NO',49),(116,6,3311,'YES',67),(117,6,3314,'YES',68),(118,6,3321,'YES',69),(119,6,3326,'YES',70),(120,6,3333,'YES',71),(121,6,3334,'YES',72),(122,6,3357,'YES',73),(123,6,3363,'YES',74),(124,6,3365,'YES',75),(125,6,3383,'YES',76),(126,6,3390,'NO',51),(127,7,3013,'YES',80),(128,7,3019,'YES',59),(129,7,3020,'YES',90),(130,7,3026,'YES',75),(131,7,3027,'YES',73),(132,7,3055,'YES',73),(133,7,3057,'YES',49),(134,7,3063,'YES',96),(135,7,3072,'YES',63),(136,7,3074,'YES',68),(137,7,3081,'YES',92),(138,7,3087,'YES',79),(139,7,3093,'YES',63),(140,7,3095,'YES',82),(141,7,3100,'YES',81),(142,7,3104,'YES',59),(143,7,3115,'YES',62),(144,7,3116,'YES',65),(145,7,3125,'YES',68),(146,7,3130,'YES',71),(147,7,3138,'YES',74),(148,7,3145,'YES',77),(149,7,3150,'YES',80),(150,7,3155,'YES',83),(151,7,3182,'YES',86),(152,7,3184,'YES',89),(153,7,3187,'YES',92),(154,7,3188,'YES',95),(155,7,3189,'YES',98),(156,7,3200,'YES',56),(157,7,3207,'YES',53),(158,7,3213,'YES',58),(159,7,3215,'YES',59),(160,7,3222,'YES',60),(161,7,3232,'YES',61),(162,7,3257,'YES',62),(163,7,3271,'YES',63),(164,7,3288,'YES',64),(165,7,3292,'YES',65),(166,7,3308,'YES',49),(167,7,3311,'YES',67),(168,7,3314,'YES',68),(169,7,3321,'YES',69),(170,7,3326,'YES',70),(171,7,3333,'YES',71),(172,7,3334,'YES',72),(173,7,3357,'YES',73),(174,7,3363,'YES',74),(175,7,3365,'YES',75),(176,7,3383,'YES',76),(177,7,3390,'YES',71),(178,8,3013,'YES',80),(179,8,3019,'YES',59),(180,8,3020,'YES',90),(181,8,3026,'YES',75),(182,8,3027,'YES',73),(183,8,3055,'YES',73),(184,8,3057,'YES',49),(185,8,3063,'YES',96),(186,8,3072,'YES',63),(187,8,3074,'YES',68),(188,8,3081,'YES',92),(189,8,3087,'YES',79),(190,8,3093,'YES',63),(191,8,3095,'YES',82),(192,8,3100,'NO',54),(193,8,3104,'YES',59),(194,8,3115,'YES',62),(195,8,3116,'YES',65),(196,8,3125,'YES',68),(197,8,3130,'YES',71),(198,8,3138,'YES',74),(199,8,3145,'YES',77),(200,8,3150,'YES',80),(201,8,3155,'YES',83),(202,8,3182,'YES',86),(203,8,3184,'NO',49),(204,8,3187,'YES',92),(205,8,3188,'YES',95),(206,8,3189,'YES',98),(207,8,3200,'YES',56),(208,8,3207,'YES',53),(209,8,3213,'YES',58),(210,8,3215,'YES',59),(211,8,3222,'YES',60),(212,8,3232,'YES',61),(213,8,3257,'YES',62),(214,8,3271,'YES',63),(215,8,3288,'YES',64),(216,8,3292,'YES',65),(217,8,3308,'YES',49),(218,8,3311,'YES',67),(219,8,3314,'YES',68),(220,8,3321,'YES',69),(221,8,3326,'YES',70),(222,8,3333,'YES',71),(223,8,3334,'YES',72),(224,8,3357,'YES',73),(225,8,3363,'YES',74),(226,8,3365,'YES',75),(227,8,3383,'YES',76),(228,8,3390,'YES',71),(229,9,3013,'YES',80),(230,9,3019,'YES',59),(231,9,3020,'YES',90),(232,9,3026,'YES',75),(233,9,3027,'YES',73),(234,9,3055,'YES',73),(235,9,3057,'YES',49),(236,9,3063,'YES',96),(237,9,3072,'YES',63),(238,9,3074,'YES',68),(239,9,3081,'YES',92),(240,9,3087,'YES',79),(241,9,3093,'YES',63),(242,9,3095,'YES',82),(243,9,3100,'YES',64),(244,9,3104,'YES',59),(245,9,3115,'YES',62),(246,9,3116,'YES',65),(247,9,3125,'YES',68),(248,9,3130,'YES',71),(249,9,3138,'YES',74),(250,9,3145,'YES',77),(251,9,3150,'YES',80),(252,9,3155,'YES',83),(253,9,3182,'YES',86),(254,9,3184,'YES',89),(255,9,3187,'YES',92),(256,9,3188,'YES',95),(257,9,3189,'YES',98),(258,9,3200,'YES',56),(259,9,3207,'YES',53),(260,9,3213,'YES',58),(261,9,3215,'YES',59),(262,9,3222,'YES',60),(263,9,3232,'YES',61),(264,9,3257,'YES',62),(265,9,3271,'YES',63),(266,9,3288,'YES',64),(267,9,3292,'YES',65),(268,9,3308,'YES',49),(269,9,3311,'YES',67),(270,9,3314,'YES',68),(271,9,3321,'YES',69),(272,9,3326,'YES',70),(273,9,3333,'YES',71),(274,9,3334,'YES',72),(275,9,3357,'YES',73),(276,9,3363,'YES',74),(277,9,3365,'YES',75),(278,9,3383,'YES',76),(279,9,3390,'YES',71),(280,10,3013,'YES',80),(281,10,3019,'NO',49),(282,10,3020,'YES',90),(283,10,3026,'YES',75),(284,10,3027,'YES',73),(285,10,3055,'YES',73),(286,10,3057,'YES',49),(287,10,3063,'YES',96),(288,10,3072,'YES',63),(289,10,3074,'YES',68),(290,10,3081,'YES',92),(291,10,3087,'YES',79),(292,10,3093,'YES',63),(293,10,3095,'YES',82),(294,10,3100,'YES',64),(295,10,3104,'YES',59),(296,10,3115,'YES',62),(297,10,3116,'YES',65),(298,10,3125,'YES',68),(299,10,3130,'YES',71),(300,10,3138,'YES',74),(301,10,3145,'YES',77),(302,10,3150,'NO',40),(303,10,3155,'YES',83),(304,10,3182,'YES',86),(305,10,3184,'YES',89),(306,10,3187,'YES',92),(307,10,3188,'YES',95),(308,10,3189,'YES',98),(309,10,3200,'YES',56),(310,10,3207,'YES',53),(311,10,3213,'YES',58),(312,10,3215,'YES',59),(313,10,3222,'YES',60),(314,10,3232,'YES',61),(315,10,3257,'YES',62),(316,10,3271,'YES',63),(317,10,3288,'YES',64),(318,10,3292,'YES',65),(319,10,3308,'YES',49),(320,10,3311,'YES',67),(321,10,3314,'YES',68),(322,10,3321,'YES',69),(323,10,3326,'YES',70),(324,10,3333,'YES',71),(325,10,3334,'YES',72),(326,10,3357,'YES',73),(327,10,3363,'YES',74),(328,10,3365,'YES',75),(329,10,3383,'YES',76),(330,10,3390,'YES',71),(331,11,3011,'YES',80),(332,11,3015,'NO',49),(333,11,3017,'YES',90),(334,11,3018,'YES',75),(335,11,3029,'YES',73),(336,11,3037,'YES',73),(337,11,3042,'YES',49),(338,11,3047,'YES',96),(339,11,3049,'YES',63),(340,11,3050,'YES',68),(341,11,3053,'YES',92),(342,11,3070,'NO',53),(343,11,3078,'YES',63),(344,11,3080,'YES',82),(345,11,3090,'YES',64),(346,11,3098,'YES',59),(347,11,3103,'YES',62),(348,11,3105,'YES',65),(349,11,3126,'YES',68),(350,11,3139,'YES',71),(351,11,3157,'YES',74),(352,11,3161,'YES',77),(353,11,3162,'NO',40),(354,11,3174,'YES',83),(355,11,3180,'YES',86),(356,11,3190,'YES',89),(357,11,3191,'YES',92),(358,11,3198,'YES',95),(359,11,3203,'YES',98),(360,11,3209,'YES',56),(361,11,3212,'YES',53),(362,11,3217,'YES',58),(363,11,3223,'YES',59),(364,11,3227,'YES',60),(365,11,3242,'YES',61),(366,11,3249,'YES',62),(367,11,3250,'YES',63),(368,11,3251,'YES',64),(369,11,3263,'YES',65),(370,11,3267,'YES',49),(371,11,3269,'YES',72),(372,11,3282,'YES',73),(373,11,3293,'YES',74),(374,11,3325,'YES',75),(375,11,3329,'YES',76),(376,11,3332,'YES',77),(377,11,3352,'YES',78),(378,11,3376,'YES',79),(379,11,3384,'YES',80),(380,11,3389,'YES',81),(381,12,3011,'YES',83),(382,12,3015,'YES',83),(383,12,3017,'YES',83),(384,12,3018,'YES',75),(385,12,3029,'YES',73),(386,12,3037,'YES',73),(387,12,3042,'YES',49),(388,12,3047,'YES',96),(389,12,3049,'YES',63),(390,12,3050,'YES',68),(391,12,3053,'YES',92),(392,12,3070,'YES',63),(393,12,3078,'YES',63),(394,12,3080,'YES',82),(395,12,3090,'YES',64),(396,12,3098,'YES',59),(397,12,3103,'YES',62),(398,12,3105,'YES',65),(399,12,3126,'YES',68),(400,12,3139,'YES',71),(401,12,3157,'YES',74),(402,12,3161,'NO',47),(403,12,3162,'YES',80),(404,12,3174,'YES',83),(405,12,3180,'YES',86),(406,12,3190,'YES',89),(407,12,3191,'YES',92),(408,12,3198,'NO',45),(409,12,3203,'YES',98),(410,12,3209,'YES',56),(411,12,3212,'YES',53),(412,12,3217,'YES',58),(413,12,3223,'YES',59),(414,12,3227,'YES',60),(415,12,3242,'YES',61),(416,12,3249,'YES',62),(417,12,3250,'YES',63),(418,12,3251,'YES',64),(419,12,3263,'NO',54),(420,12,3267,'YES',49),(421,12,3269,'YES',72),(422,12,3282,'YES',73),(423,12,3293,'YES',74),(424,12,3325,'YES',75),(425,12,3329,'YES',76),(426,12,3332,'YES',77),(427,12,3352,'YES',78),(428,12,3376,'YES',79),(429,12,3384,'YES',80),(430,12,3389,'YES',81),(431,13,3011,'YES',65),(432,13,3015,'YES',66),(433,13,3017,'YES',67),(434,13,3018,'YES',68),(435,13,3029,'YES',69),(436,13,3037,'YES',70),(437,13,3042,'YES',71),(438,13,3047,'YES',72),(439,13,3049,'YES',73),(440,13,3050,'YES',74),(441,13,3053,'YES',75),(442,13,3070,'YES',76),(443,13,3078,'YES',77),(444,13,3080,'YES',78),(445,13,3090,'YES',79),(446,13,3098,'YES',80),(447,13,3103,'YES',81),(448,13,3105,'YES',82),(449,13,3126,'YES',83),(450,13,3139,'YES',84),(451,13,3157,'YES',85),(452,13,3161,'YES',86),(453,13,3162,'YES',87),(454,13,3174,'YES',88),(455,13,3180,'NO',49),(456,13,3190,'YES',90),(457,13,3191,'YES',91),(458,13,3198,'YES',92),(459,13,3203,'YES',82),(460,13,3209,'YES',84),(461,13,3212,'YES',86),(462,13,3217,'YES',88),(463,13,3223,'YES',90),(464,13,3227,'YES',92),(465,13,3242,'YES',94),(466,13,3249,'YES',100),(467,13,3250,'YES',63),(468,13,3251,'YES',64),(469,13,3263,'YES',64),(470,13,3267,'YES',49),(471,13,3269,'YES',72),(472,13,3282,'YES',73),(473,13,3293,'YES',74),(474,13,3325,'YES',75),(475,13,3329,'YES',76),(476,13,3332,'YES',77),(477,13,3352,'YES',78),(478,13,3376,'YES',79),(479,13,3384,'YES',80),(480,13,3389,'YES',81),(481,14,3011,'YES',64),(482,14,3015,'YES',66),(483,14,3017,'YES',68),(484,14,3018,'YES',70),(485,14,3029,'YES',72),(486,14,3037,'YES',74),(487,14,3042,'YES',76),(488,14,3047,'YES',78),(489,14,3049,'YES',80),(490,14,3050,'YES',82),(491,14,3053,'YES',84),(492,14,3070,'YES',86),(493,14,3078,'YES',88),(494,14,3080,'YES',90),(495,14,3090,'YES',92),(496,14,3098,'YES',94),(497,14,3103,'YES',96),(498,14,3105,'YES',98),(499,14,3126,'YES',58),(500,14,3139,'YES',60),(501,14,3157,'YES',62),(502,14,3161,'YES',64),(503,14,3162,'YES',66),(504,14,3174,'YES',68),(505,14,3180,'YES',70),(506,14,3190,'YES',72),(507,14,3191,'YES',74),(508,14,3198,'YES',76),(509,14,3203,'YES',78),(510,14,3209,'YES',80),(511,14,3212,'YES',82),(512,14,3217,'YES',84),(513,14,3223,'YES',86),(514,14,3227,'YES',88),(515,14,3242,'YES',90),(516,14,3249,'YES',92),(517,14,3250,'YES',63),(518,14,3251,'YES',64),(519,14,3263,'YES',64),(520,14,3267,'NO',49),(521,14,3269,'YES',72),(522,14,3282,'YES',73),(523,14,3293,'YES',74),(524,14,3325,'YES',75),(525,14,3329,'YES',76),(526,14,3332,'YES',77),(527,14,3352,'YES',78),(528,14,3376,'YES',79),(529,14,3384,'NO',50),(530,14,3389,'YES',81),(531,15,3011,'YES',64),(532,15,3015,'YES',66),(533,15,3017,'YES',68),(534,15,3018,'YES',70),(535,15,3029,'YES',72),(536,15,3037,'YES',74),(537,15,3042,'YES',76),(538,15,3047,'YES',78),(539,15,3049,'YES',80),(540,15,3050,'YES',82),(541,15,3053,'YES',84),(542,15,3070,'YES',86),(543,15,3078,'YES',88),(544,15,3080,'YES',90),(545,15,3090,'YES',92),(546,15,3098,'YES',94),(547,15,3103,'YES',96),(548,15,3105,'YES',98),(549,15,3126,'YES',58),(550,15,3139,'YES',60),(551,15,3157,'YES',62),(552,15,3161,'YES',64),(553,15,3162,'YES',66),(554,15,3174,'YES',68),(555,15,3180,'YES',70),(556,15,3190,'YES',72),(557,15,3191,'YES',74),(558,15,3198,'YES',76),(559,15,3203,'YES',78),(560,15,3209,'YES',80),(561,15,3212,'YES',82),(562,15,3217,'YES',84),(563,15,3223,'YES',86),(564,15,3227,'YES',88),(565,15,3242,'YES',90),(566,15,3249,'YES',92),(567,15,3250,'YES',63),(568,15,3251,'YES',64),(569,15,3263,'YES',64),(570,15,3267,'YES',73),(571,15,3269,'YES',72),(572,15,3282,'YES',73),(573,15,3293,'YES',74),(574,15,3325,'YES',75),(575,15,3329,'YES',76),(576,15,3332,'YES',77),(577,15,3352,'YES',78),(578,15,3376,'YES',79),(579,15,3384,'YES',57),(580,15,3389,'YES',81);
/*!40000 ALTER TABLE `results` ENABLE KEYS */;
UNLOCK TABLES;

--
-- Table structure for table `students`
--

DROP TABLE IF EXISTS `students`;
/*!40101 SET @saved_cs_client     = @@character_set_client */;
/*!50503 SET character_set_client = utf8mb4 */;
CREATE TABLE `students` (
  `StudentNumber` int NOT NULL,
  `StartYear` date NOT NULL,
  `PersonId` int NOT NULL,
  `ProgrammeId` int NOT NULL,
  `EmployeeId` int NOT NULL,
  PRIMARY KEY (`StudentNumber`),
  KEY `PersonId_idx` (`PersonId`),
  KEY `ProgrammeId_idx` (`ProgrammeId`),
  KEY `EmployeeId_idx` (`EmployeeId`),
  CONSTRAINT `EmployeeId` FOREIGN KEY (`EmployeeId`) REFERENCES `employees` (`idEmployee`) ON DELETE RESTRICT ON UPDATE RESTRICT,
  CONSTRAINT `PersonId` FOREIGN KEY (`PersonId`) REFERENCES `personinfos` (`idPersonInfo`) ON DELETE RESTRICT ON UPDATE RESTRICT,
  CONSTRAINT `ProgrammeId` FOREIGN KEY (`ProgrammeId`) REFERENCES `programmes` (`idProgramme`)
) ENGINE=InnoDB DEFAULT CHARSET=utf8mb4 COLLATE=utf8mb4_0900_ai_ci;
/*!40101 SET character_set_client = @saved_cs_client */;

--
-- Dumping data for table `students`
--

LOCK TABLES `students` WRITE;
/*!40000 ALTER TABLE `students` DISABLE KEYS */;
INSERT INTO `students` VALUES (3001,'2012-08-01',101,109,21),(3002,'2012-08-01',102,109,48),(3003,'2012-08-01',103,109,15),(3004,'2012-08-01',104,106,37),(3005,'2012-08-01',105,105,25),(3006,'2012-08-01',106,101,21),(3007,'2012-08-01',107,106,15),(3008,'2012-08-01',108,106,98),(3009,'2012-08-01',109,101,33),(3010,'2012-08-01',110,106,60),(3011,'2012-08-01',111,103,21),(3012,'2012-08-01',112,109,30),(3013,'2012-08-01',113,102,40),(3014,'2012-08-01',114,107,45),(3015,'2012-08-01',115,103,63),(3016,'2012-08-01',116,106,23),(3017,'2012-08-01',117,103,38),(3018,'2012-08-01',118,103,48),(3019,'2012-08-01',119,102,42),(3020,'2012-08-01',120,102,20),(3021,'2012-08-01',121,101,31),(3022,'2012-08-01',122,101,96),(3023,'2012-08-01',123,109,80),(3024,'2012-08-01',124,106,8),(3025,'2012-08-01',125,109,97),(3026,'2012-08-01',126,102,3),(3027,'2012-08-01',127,102,28),(3028,'2012-08-01',128,106,50),(3029,'2012-08-01',129,103,72),(3030,'2012-08-01',130,106,13),(3031,'2012-08-01',131,107,83),(3032,'2012-08-01',132,106,63),(3033,'2012-08-01',133,101,61),(3034,'2012-08-01',134,104,99),(3035,'2012-08-01',135,106,30),(3036,'2012-08-01',136,104,99),(3037,'2012-08-01',137,103,92),(3038,'2012-08-01',138,105,51),(3039,'2012-08-01',139,104,62),(3040,'2012-08-01',140,108,24),(3041,'2012-08-01',141,104,36),(3042,'2012-08-01',142,103,80),(3043,'2012-08-01',143,109,24),(3044,'2012-08-01',144,106,13),(3045,'2012-08-01',145,104,84),(3046,'2012-08-01',146,101,18),(3047,'2012-08-01',147,103,15),(3048,'2012-08-01',148,106,74),(3049,'2012-08-01',149,103,42),(3050,'2012-08-01',150,103,60),(3051,'2012-08-01',151,108,74),(3052,'2012-08-01',152,109,19),(3053,'2012-08-01',153,103,27),(3054,'2012-08-01',154,101,33),(3055,'2012-08-01',155,102,4),(3056,'2012-08-01',156,105,52),(3057,'2012-08-01',157,102,91),(3058,'2012-08-01',158,101,84),(3059,'2012-08-01',159,107,71),(3060,'2012-08-01',160,109,5),(3061,'2012-08-01',161,106,24),(3062,'2012-08-01',162,106,82),(3063,'2012-08-01',163,102,89),(3064,'2012-08-01',164,104,69),(3065,'2012-08-01',165,108,96),(3066,'2012-08-01',166,106,54),(3067,'2012-08-01',167,105,96),(3068,'2012-08-01',168,106,64),(3069,'2012-08-01',169,109,34),(3070,'2012-08-01',170,103,75),(3071,'2012-08-01',171,104,74),(3072,'2012-08-01',172,102,19),(3073,'2012-08-01',173,104,68),(3074,'2012-08-01',174,102,49),(3075,'2012-08-01',175,104,75),(3076,'2012-08-01',176,108,46),(3077,'2012-08-01',177,101,43),(3078,'2012-08-01',178,103,35),(3079,'2012-08-01',179,109,32),(3080,'2012-08-01',180,103,26),(3081,'2012-08-01',181,102,55),(3082,'2012-08-01',182,106,79),(3083,'2012-08-01',183,108,98),(3084,'2012-08-01',184,109,36),(3085,'2012-08-01',185,106,74),(3086,'2012-08-01',186,108,92),(3087,'2012-08-01',187,102,53),(3088,'2012-08-01',188,106,49),(3089,'2012-08-01',189,107,51),(3090,'2012-08-01',190,103,4),(3091,'2012-08-01',191,108,96),(3092,'2012-08-01',192,105,52),(3093,'2012-08-01',193,102,15),(3094,'2012-08-01',194,108,7),(3095,'2012-08-01',195,102,75),(3096,'2012-08-01',196,101,61),(3097,'2012-08-01',197,108,9),(3098,'2012-08-01',198,103,2),(3099,'2012-08-01',199,104,36),(3100,'2012-08-01',200,102,30),(3101,'2012-08-01',201,109,63),(3102,'2012-08-01',202,104,95),(3103,'2012-08-01',203,103,14),(3104,'2012-08-01',204,102,36),(3105,'2012-08-01',205,103,96),(3106,'2012-08-01',206,108,92),(3107,'2012-08-01',207,104,10),(3108,'2012-08-01',208,109,69),(3109,'2012-08-01',209,108,13),(3110,'2012-08-01',210,109,58),(3111,'2012-08-01',211,101,6),(3112,'2012-08-01',212,104,84),(3113,'2012-08-01',213,101,24),(3114,'2012-08-01',214,101,46),(3115,'2012-08-01',215,102,85),(3116,'2012-08-01',216,102,34),(3117,'2012-08-01',217,107,21),(3118,'2012-08-01',218,101,18),(3119,'2012-08-01',219,104,18),(3120,'2012-08-01',220,108,53),(3121,'2012-08-01',221,109,97),(3122,'2012-08-01',222,108,52),(3123,'2012-08-01',223,104,59),(3124,'2012-08-01',224,105,73),(3125,'2012-08-01',225,102,61),(3126,'2012-08-01',226,103,38),(3127,'2012-08-01',227,101,21),(3128,'2012-08-01',228,105,17),(3129,'2012-08-01',229,107,100),(3130,'2012-08-01',230,102,16),(3131,'2012-08-01',231,106,64),(3132,'2012-08-01',232,101,42),(3133,'2012-08-01',233,108,16),(3134,'2012-08-01',234,109,63),(3135,'2012-08-01',235,104,31),(3136,'2012-08-01',236,105,42),(3137,'2012-08-01',237,101,23),(3138,'2012-08-01',238,102,20),(3139,'2012-08-01',239,103,25),(3140,'2012-08-01',240,104,43),(3141,'2012-08-01',241,108,37),(3142,'2012-08-01',242,106,13),(3143,'2012-08-01',243,105,96),(3144,'2012-08-01',244,107,41),(3145,'2012-08-01',245,102,89),(3146,'2012-08-01',246,105,100),(3147,'2012-08-01',247,105,74),(3148,'2012-08-01',248,108,46),(3149,'2012-08-01',249,104,11),(3150,'2012-08-01',250,102,57),(3151,'2012-08-01',251,104,27),(3152,'2012-08-01',252,105,10),(3153,'2012-08-01',253,106,30),(3154,'2012-08-01',254,106,12),(3155,'2012-08-01',255,102,92),(3156,'2012-08-01',256,105,92),(3157,'2012-08-01',257,103,77),(3158,'2012-08-01',258,106,42),(3159,'2012-08-01',259,101,2),(3160,'2012-08-01',260,105,92),(3161,'2012-08-01',261,103,36),(3162,'2012-08-01',262,103,83),(3163,'2012-08-01',263,108,34),(3164,'2012-08-01',264,101,77),(3165,'2012-08-01',265,101,97),(3166,'2012-08-01',266,107,75),(3167,'2012-08-01',267,105,22),(3168,'2012-08-01',268,106,78),(3169,'2012-08-01',269,108,62),(3170,'2012-08-01',270,106,29),(3171,'2012-08-01',271,107,35),(3172,'2012-08-01',272,107,39),(3173,'2012-08-01',273,107,73),(3174,'2012-08-01',274,103,35),(3175,'2012-08-01',275,107,41),(3176,'2012-08-01',276,106,46),(3177,'2012-08-01',277,107,21),(3178,'2012-08-01',278,105,66),(3179,'2012-08-01',279,101,71),(3180,'2012-08-01',280,103,72),(3181,'2012-08-01',281,106,91),(3182,'2012-08-01',282,102,16),(3183,'2012-08-01',283,101,93),(3184,'2012-08-01',284,102,63),(3185,'2012-08-01',285,108,66),(3186,'2012-08-01',286,108,19),(3187,'2012-08-01',287,102,91),(3188,'2012-08-01',288,102,50),(3189,'2012-08-01',289,102,84),(3190,'2012-08-01',290,103,35),(3191,'2012-08-01',291,103,17),(3192,'2012-08-01',292,108,89),(3193,'2012-08-01',293,104,8),(3194,'2012-08-01',294,106,52),(3195,'2012-08-01',295,109,28),(3196,'2012-08-01',296,105,97),(3197,'2012-08-01',297,104,45),(3198,'2012-08-01',298,103,4),(3199,'2012-08-01',299,101,67),(3200,'2012-08-01',300,102,17),(3201,'2012-08-01',301,106,47),(3202,'2012-08-01',302,101,28),(3203,'2012-08-01',303,103,72),(3204,'2012-08-01',304,106,31),(3205,'2012-08-01',305,104,46),(3206,'2012-08-01',306,105,64),(3207,'2012-08-01',307,102,52),(3208,'2012-08-01',308,106,72),(3209,'2012-08-01',309,103,4),(3210,'2012-08-01',310,107,69),(3211,'2012-08-01',311,106,13),(3212,'2012-08-01',312,103,72),(3213,'2012-08-01',313,102,25),(3214,'2012-08-01',314,101,77),(3215,'2012-08-01',315,102,45),(3216,'2012-08-01',316,105,91),(3217,'2012-08-01',317,103,20),(3218,'2012-08-01',318,106,76),(3219,'2012-08-01',319,106,66),(3220,'2012-08-01',320,105,60),(3221,'2012-08-01',321,105,44),(3222,'2012-08-01',322,102,20),(3223,'2012-08-01',323,103,8),(3224,'2012-08-01',324,105,94),(3225,'2012-08-01',325,109,69),(3226,'2012-08-01',326,107,18),(3227,'2012-08-01',327,103,11),(3228,'2012-08-01',328,104,68),(3229,'2012-08-01',329,106,20),(3230,'2012-08-01',330,109,50),(3231,'2012-08-01',331,107,54),(3232,'2012-08-01',332,102,56),(3233,'2012-08-01',333,105,20),(3234,'2012-08-01',334,107,4),(3235,'2012-08-01',335,105,7),(3236,'2012-08-01',336,105,18),(3237,'2012-08-01',337,106,1),(3238,'2012-08-01',338,105,13),(3239,'2012-08-01',339,107,12),(3240,'2012-08-01',340,101,38),(3241,'2012-08-01',341,108,84),(3242,'2012-08-01',342,103,97),(3243,'2012-08-01',343,105,23),(3244,'2012-08-01',344,108,7),(3245,'2012-08-01',345,106,75),(3246,'2012-08-01',346,107,52),(3247,'2012-08-01',347,101,10),(3248,'2012-08-01',348,104,46),(3249,'2012-08-01',349,103,72),(3250,'2012-08-01',350,103,48),(3251,'2012-08-01',351,103,41),(3252,'2012-08-01',352,104,97),(3253,'2012-08-01',353,108,6),(3254,'2012-08-01',354,107,70),(3255,'2012-08-01',355,101,44),(3256,'2012-08-01',356,105,16),(3257,'2012-08-01',357,102,43),(3258,'2012-08-01',358,108,21),(3259,'2012-08-01',359,107,10),(3260,'2012-08-01',360,105,68),(3261,'2012-08-01',361,104,87),(3262,'2012-08-01',362,107,52),(3263,'2012-08-01',363,103,27),(3264,'2012-08-01',364,104,24),(3265,'2012-08-01',365,107,11),(3266,'2012-08-01',366,108,5),(3267,'2012-08-01',367,103,67),(3268,'2012-08-01',368,107,52),(3269,'2012-08-01',369,103,34),(3270,'2012-08-01',370,104,20),(3271,'2012-08-01',371,102,12),(3272,'2012-08-01',372,109,35),(3273,'2012-08-01',373,108,85),(3274,'2012-08-01',374,106,75),(3275,'2012-08-01',375,109,24),(3276,'2012-08-01',376,107,19),(3277,'2012-08-01',377,107,51),(3278,'2012-08-01',378,105,43),(3279,'2012-08-01',379,104,18),(3280,'2012-08-01',380,109,95),(3281,'2012-08-01',381,108,66),(3282,'2012-08-01',382,103,55),(3283,'2012-08-01',383,107,94),(3284,'2012-08-01',384,104,86),(3285,'2012-08-01',385,106,59),(3286,'2012-08-01',386,106,9),(3287,'2012-08-01',387,104,62),(3288,'2012-08-01',388,102,52),(3289,'2012-08-01',389,104,3),(3290,'2012-08-01',390,104,71),(3291,'2012-08-01',391,108,71),(3292,'2012-08-01',392,102,67),(3293,'2012-08-01',393,103,37),(3294,'2012-08-01',394,104,72),(3295,'2012-08-01',395,109,56),(3296,'2012-08-01',396,109,85),(3297,'2012-08-01',397,108,43),(3298,'2012-08-01',398,104,87),(3299,'2012-08-01',399,108,50),(3300,'2012-08-01',400,109,67),(3301,'2012-08-01',401,109,9),(3302,'2012-08-01',402,104,92),(3303,'2012-08-01',403,105,58),(3304,'2012-08-01',404,104,19),(3305,'2012-08-01',405,101,59),(3306,'2012-08-01',406,107,90),(3307,'2012-08-01',407,105,33),(3308,'2012-08-01',408,102,62),(3309,'2012-08-01',409,101,91),(3310,'2012-08-01',410,106,12),(3311,'2012-08-01',411,102,95),(3312,'2012-08-01',412,108,56),(3313,'2012-08-01',413,104,12),(3314,'2012-08-01',414,102,35),(3315,'2012-08-01',415,105,61),(3316,'2012-08-01',416,107,70),(3317,'2012-08-01',417,109,78),(3318,'2012-08-01',418,106,49),(3319,'2012-08-01',419,109,23),(3320,'2012-08-01',420,101,47),(3321,'2012-08-01',421,102,82),(3322,'2012-08-01',422,104,83),(3323,'2012-08-01',423,106,80),(3324,'2012-08-01',424,107,40),(3325,'2012-08-01',425,103,60),(3326,'2012-08-01',426,102,84),(3327,'2012-08-01',427,104,42),(3328,'2012-08-01',428,108,63),(3329,'2012-08-01',429,103,30),(3330,'2012-08-01',430,104,34),(3331,'2012-08-01',431,101,28),(3332,'2012-08-01',432,103,78),(3333,'2012-08-01',433,102,88),(3334,'2012-08-01',434,102,43),(3335,'2012-08-01',435,106,31),(3336,'2012-08-01',436,105,75),(3337,'2012-08-01',437,105,29),(3338,'2012-08-01',438,101,96),(3339,'2012-08-01',439,105,89),(3340,'2012-08-01',440,106,98),(3341,'2012-08-01',441,107,93),(3342,'2012-08-01',442,101,60),(3343,'2012-08-01',443,104,62),(3344,'2012-08-01',444,106,100),(3345,'2012-08-01',445,105,53),(3346,'2012-08-01',446,106,44),(3347,'2012-08-01',447,105,84),(3348,'2012-08-01',448,105,75),(3349,'2012-08-01',449,106,19),(3350,'2012-08-01',450,106,97),(3351,'2012-08-01',451,105,54),(3352,'2012-08-01',452,103,36),(3353,'2012-08-01',453,107,94),(3354,'2012-08-01',454,108,79),(3355,'2012-08-01',455,109,61),(3356,'2012-08-01',456,108,50),(3357,'2012-08-01',457,102,89),(3358,'2012-08-01',458,104,87),(3359,'2012-08-01',459,109,76),(3360,'2012-08-01',460,106,76),(3361,'2012-08-01',461,105,15),(3362,'2012-08-01',462,108,94),(3363,'2012-08-01',463,102,78),(3364,'2012-08-01',464,109,73),(3365,'2012-08-01',465,102,58),(3366,'2012-08-01',466,104,63),(3367,'2012-08-01',467,104,73),(3368,'2012-08-01',468,104,8),(3369,'2012-08-01',469,101,92),(3370,'2012-08-01',470,101,28),(3371,'2012-08-01',471,107,98),(3372,'2012-08-01',472,101,42),(3373,'2012-08-01',473,106,57),(3374,'2012-08-01',474,104,34),(3375,'2012-08-01',475,107,36),(3376,'2012-08-01',476,103,78),(3377,'2012-08-01',477,108,12),(3378,'2012-08-01',478,109,74),(3379,'2012-08-01',479,109,56),(3380,'2012-08-01',480,107,16),(3381,'2012-08-01',481,106,67),(3382,'2012-08-01',482,104,7),(3383,'2012-08-01',483,102,33),(3384,'2012-08-01',484,103,48),(3385,'2012-08-01',485,106,46),(3386,'2012-08-01',486,106,27),(3387,'2012-08-01',487,104,23),(3388,'2012-08-01',488,108,17),(3389,'2012-08-01',489,103,82),(3390,'2012-08-01',490,102,95),(3391,'2012-08-01',491,107,10),(3392,'2012-08-01',492,108,34),(3393,'2012-08-01',493,107,63),(3394,'2012-08-01',494,105,85),(3395,'2012-08-01',495,101,83),(3396,'2012-08-01',496,108,45),(3397,'2012-08-01',497,108,7),(3398,'2012-08-01',498,106,18),(3399,'2012-08-01',499,106,56),(3400,'2012-08-01',500,101,4);
/*!40000 ALTER TABLE `students` ENABLE KEYS */;
UNLOCK TABLES;

--
-- Table structure for table `titles`
--

DROP TABLE IF EXISTS `titles`;
/*!40101 SET @saved_cs_client     = @@character_set_client */;
/*!50503 SET character_set_client = utf8mb4 */;
CREATE TABLE `titles` (
  `idTitle` int NOT NULL,
  `TitleName` varchar(45) NOT NULL,
  PRIMARY KEY (`idTitle`)
) ENGINE=InnoDB DEFAULT CHARSET=utf8mb4 COLLATE=utf8mb4_0900_ai_ci;
/*!40101 SET character_set_client = @saved_cs_client */;

--
-- Dumping data for table `titles`
--

LOCK TABLES `titles` WRITE;
/*!40000 ALTER TABLE `titles` DISABLE KEYS */;
INSERT INTO `titles` VALUES (1001,'Lecturer'),(1002,'Manager'),(1003,'Financial Advisor'),(1004,'Help Desk Technician'),(1005,'Data Coordinator'),(1006,'Librarian'),(1007,'Counselor'),(1008,'Administrative Specialist'),(1009,'Board of director'),(1010,'IT');
/*!40000 ALTER TABLE `titles` ENABLE KEYS */;
UNLOCK TABLES;
/*!40103 SET TIME_ZONE=@OLD_TIME_ZONE */;

/*!40101 SET SQL_MODE=@OLD_SQL_MODE */;
/*!40014 SET FOREIGN_KEY_CHECKS=@OLD_FOREIGN_KEY_CHECKS */;
/*!40014 SET UNIQUE_CHECKS=@OLD_UNIQUE_CHECKS */;
/*!40101 SET CHARACTER_SET_CLIENT=@OLD_CHARACTER_SET_CLIENT */;
/*!40101 SET CHARACTER_SET_RESULTS=@OLD_CHARACTER_SET_RESULTS */;
/*!40101 SET COLLATION_CONNECTION=@OLD_COLLATION_CONNECTION */;
/*!40111 SET SQL_NOTES=@OLD_SQL_NOTES */;

-- Dump completed on 2020-04-16 14:05:10
